occurrenceID,eventID,kingdom,family,genus,specificEpithet,vernacularName,verbatimLocality,geodeticDatum,decimalLatitude,decimalLongitude,stateProvince,country,eventDate,month,day,year,modified,coordinateUncertaintyInMeters,sex,individualCount,occurrenceRemarks,recordedBy,recordedByID,identificationVerificationStatus,dateIdentified,identifiedBy,identificationRemarks,datasetID,previousIdentifications,recordSource,informationWithheld,associatedTaxa,floralHostNotes,floral_host_native_not,measurementMethod,images,comment_count,referenceID,catalogNumber,occurrenceStatus,metadataUrl
267397,145752,Animalia,Apidae,Bombus,impatiens,Common eastern bumble bee,Wakan Tipi,WGS 84,44.9532,-93.075,Minnesota,United States,8/2/25,8,2,2025,11/5/25,37.5,Worker,2,,Elise Bernstein,elisebee,Verified,11/7/25,gpugesek,,Bumble Bee Atlas,,Website,FALSE,Agastache foeniculum,,native,samplingProtocol,"https://www.bumblebeewatch.org/media/2025/11/06/cbf3431209a1445f805bf5d632348dd2.jpg, https://www.bumblebeewatch.org/media/2025/11/06/ecf7936a2a4143c8a6249afc812ceb23.jpg, https://www.bumblebeewatch.org/media/2025/11/06/243ebd06c88a44c5bb7481493006ce52.jpg, https://www.bumblebeewatch.org/media/2025/11/06/0815d3c9dbf64cff859bf051485cf1ed.jpg",,,https://www.bumblebeewatch.org/sightings/bee/267397/,present,https://www.bumblebeewatch.org/metadata/
121361,104174,Animalia,Apidae,Bombus,auricomus,Black and gold bumble bee,Wakan Tipi,WGS 84,44.919308,-93.069633,Minnesota,United States,8/8/22,8,8,2022,8/8/22,75,Female,1,,Elaine Evans,fuzzybumblebee,Verified,8/12/22,fuzzybumblebee,EEvans. Based mostly on Black in middle of anterior edge of t2 and ocelli arrangement,OLD_MNBBA,,Website,FALSE,Asclepias incarnata,,native,samplingProtocol,"https://www.bumblebeewatch.org/media/bees/big/5b118315-08be-4c0a-9abb-4bff827132ab.jpg, https://www.bumblebeewatch.org/media/bees/big/dddd868c-a671-4e80-b9d3-8569d066735a.jpg, https://www.bumblebeewatch.org/media/bees/big/d6b78d6c-77cd-4789-b471-c9830c03559b.jpg, https://www.bumblebeewatch.org/media/bees/big/fcd9e9ea-0a19-4487-9094-ed49fc18d84e.jpg",1,,https://www.bumblebeewatch.org/sightings/bee/121361/,present,https://www.bumblebeewatch.org/metadata/
267361,140188,Animalia,Apidae,Bombus,griseocollis,Brown-belted bumble bee,Wakan Tipi,WGS 84,44.9532,-93.075,Minnesota,United States,7/15/25,7,15,2025,8/4/25,12.5,Male,1,,Elise Bernstein,elisebee,Verified,11/6/25,gpugesek,,Bumble Bee Atlas,,Website,FALSE,Asclepias verticillata,,native,samplingProtocol,"https://www.bumblebeewatch.org/media/2025/11/05/7c17a2b101204c19ae6f6e5475932707.jpg, https://www.bumblebeewatch.org/media/2025/11/05/3e05525cda794332ab85261165430ff4.jpg, https://www.bumblebeewatch.org/media/2025/11/05/55fa8a304ac0425ca009c18194e2cef7.jpg, https://www.bumblebeewatch.org/media/2025/11/05/85cec2208fdb425aa469f5253c59fc0f.jpg, https://www.bumblebeewatch.org/media/2025/11/05/9c1648ab076c4cc89eba494d0b6e2045.jpg, https://www.bumblebeewatch.org/media/2025/11/05/37c70744d7c144e19ec0b9d111075aa6.jpg",,,https://www.bumblebeewatch.org/sightings/bee/267361/,present,https://www.bumblebeewatch.org/metadata/
159411,116328,Animalia,Apidae,Bombus,impatiens,Common eastern bumble bee,"Wakan Tipi, wetland area",WGS 84,44.9532,-93.075,Minnesota,United States,8/11/23,8,11,2023,8/21/23,37.5,Worker,1,,Elise Bernstein,elisebee,Verified,9/22/23,fuzzybumblebee,EEvans Same photo used for mulitple specimens. ID onsight by EBernstein,OLD_MNBBA,,Website,FALSE,Centaurea stoebe,,non-native,samplingProtocol,"https://www.bumblebeewatch.org/media/bees/big/3108e9bd-c9f2-43a5-ad8d-5333f1f5b55e.jpg, https://www.bumblebeewatch.org/media/bees/big/14ca6a4a-6e2c-4d49-9319-168a7efce81c.jpg, https://www.bumblebeewatch.org/media/bees/big/6bcec39c-6727-4f0e-817b-86a978be5557.jpg, https://www.bumblebeewatch.org/media/bees/big/dd0215a3-d546-402b-b1e0-858143ce4f72.jpg",1,,https://www.bumblebeewatch.org/sightings/bee/159411/,present,https://www.bumblebeewatch.org/metadata/
267411,145757,Animalia,Apidae,Bombus,impatiens,Common eastern bumble bee,Wakan Tipi,WGS 84,44.9532,-93.075,Minnesota,United States,8/18/25,8,18,2025,11/6/25,37.5,Female,51,,Elise Bernstein,elisebee,Verified,11/7/25,gpugesek,,Bumble Bee Atlas,,Website,FALSE,Chamaecrista fasciculata,,native,samplingProtocol,"https://www.bumblebeewatch.org/media/2025/11/06/db448f72f4224060a4207c3cc1456fc6.jpg, https://www.bumblebeewatch.org/media/2025/11/06/2701403c01e549f8b811d361291be299.jpg, https://www.bumblebeewatch.org/media/2025/11/06/a0bb5fc33d084a8eaede8a3c37f55644.jpg",,,https://www.bumblebeewatch.org/sightings/bee/267411/,present,https://www.bumblebeewatch.org/metadata/
267391,145752,Animalia,Apidae,Bombus,impatiens,Common eastern bumble bee,Wakan Tipi,WGS 84,44.9532,-93.075,Minnesota,United States,8/2/25,8,2,2025,11/5/25,37.5,Worker,15,,Elise Bernstein,elisebee,Verified,11/7/25,gpugesek,,Bumble Bee Atlas,,Website,FALSE,Chamaecrista fasciculata,,native,samplingProtocol,"https://www.bumblebeewatch.org/media/2025/11/06/8f799a5df35d42ef91041e132da4d04b.jpg, https://www.bumblebeewatch.org/media/2025/11/06/a092bb144dfd4c88af0d5c747078d23d.jpg, https://www.bumblebeewatch.org/media/2025/11/06/35c692665d514a7580a7031bf3956591.jpg, https://www.bumblebeewatch.org/media/2025/11/06/1846eb0987d44f7fa962dd0eb0e09c11.jpg",,,https://www.bumblebeewatch.org/sightings/bee/267391/,present,https://www.bumblebeewatch.org/metadata/
267392,145752,Animalia,Apidae,Bombus,auricomus,Black and gold bumble bee,Wakan Tipi,WGS 84,44.9532,-93.075,Minnesota,United States,8/2/25,8,2,2025,11/5/25,37.5,Female,1,,Elise Bernstein,elisebee,Verified,11/7/25,gpugesek,,Bumble Bee Atlas,,Website,FALSE,Chamaecrista fasciculata,,native,samplingProtocol,"https://www.bumblebeewatch.org/media/2025/11/06/20813eb5bf244523bfe9ca589eda7e75.jpg, https://www.bumblebeewatch.org/media/2025/11/06/7b2e0d85dc4641f2afc9004c21758c45.jpg, https://www.bumblebeewatch.org/media/2025/11/06/b3251e14c80b4a08ad21167163f8302d.jpg, https://www.bumblebeewatch.org/media/2025/11/06/18031546b65b4cdda9f9e996171eee0d.jpg, https://www.bumblebeewatch.org/media/2025/11/06/f29dff2aef2b4a1b8a37c1f3ebf7fb26.jpg, https://www.bumblebeewatch.org/media/2025/11/06/430b86d07f2546969c1e79306b2c5a6d.jpg",,,https://www.bumblebeewatch.org/sightings/bee/267392/,present,https://www.bumblebeewatch.org/metadata/
267420,140196,Animalia,Apidae,Bombus,impatiens,Common eastern bumble bee,Wakan Tipi,WGS 84,44.9532,-93.075,Minnesota,United States,7/28/25,7,28,2025,8/4/25,12.5,Worker,4,,Elise Bernstein,elisebee,Verified,11/7/25,gpugesek,,Bumble Bee Atlas,,Website,FALSE,Chamaecrista fasciculata,,native,samplingProtocol,"https://www.bumblebeewatch.org/media/2025/11/06/f5be5e9ca16b40fca05a30c4c15dcaa4.jpg, https://www.bumblebeewatch.org/media/2025/11/06/a60c4e2d66f44e2398e8416ffbf31f3c.jpg",,,https://www.bumblebeewatch.org/sightings/bee/267420/,present,https://www.bumblebeewatch.org/metadata/
267417,140196,Animalia,Apidae,Bombus,auricomus,Black and gold bumble bee,Wakan Tipi,WGS 84,44.9532,-93.075,Minnesota,United States,7/28/25,7,28,2025,8/4/25,12.5,Female,1,,Elise Bernstein,elisebee,Verified,11/7/25,gpugesek,,Bumble Bee Atlas,,Website,FALSE,Chamaecrista fasciculata,,native,samplingProtocol,"https://www.bumblebeewatch.org/media/2025/11/06/4462dba8c0964c2da2e2e07e48b5d820.jpg, https://www.bumblebeewatch.org/media/2025/11/06/661dee73955541ddb544d67fa5408e00.jpg, https://www.bumblebeewatch.org/media/2025/11/06/3fdb4e81d61f444e8795b988b9def0f6.jpg",,,https://www.bumblebeewatch.org/sightings/bee/267417/,present,https://www.bumblebeewatch.org/metadata/
207587,129493,Animalia,Apidae,Bombus,impatiens,Common eastern bumble bee,Wakan Tipi,WGS 84,44.9532,-93.075,Minnesota,United States,8/21/24,8,21,2024,8/28/24,37.5,Male,1,,Elise Bernstein,elisebee,Verified,10/22/24,gpugesek,GP,Bumble Bee Atlas,,Website,FALSE,Chamaecrista fasciculata,,native,samplingProtocol,"https://www.bumblebeewatch.org/media/bees/big/IMG_1601_QzmXXGV.jpg, https://www.bumblebeewatch.org/media/bees/big/IMG_1600.jpg, https://www.bumblebeewatch.org/media/bees/big/IMG_1602.jpg",,12,https://www.bumblebeewatch.org/sightings/bee/207587/,present,https://www.bumblebeewatch.org/metadata/
207442,129493,Animalia,Apidae,Bombus,impatiens,Common eastern bumble bee,Wakan Tipi,WGS 84,44.9532,-93.075,Minnesota,United States,8/21/24,8,21,2024,8/28/24,37.5,Female,10,,Elise Bernstein,elisebee,Verified,11/19/24,fuzzybumblebee,GP,Bumble Bee Atlas,,Website,FALSE,Chamaecrista fasciculata,,native,samplingProtocol,"https://www.bumblebeewatch.org/media/bees/big/IMG_1568.jpg, https://www.bumblebeewatch.org/media/bees/big/IMG_1567.jpg, https://www.bumblebeewatch.org/media/bees/big/IMG_1569.jpg",1,5,https://www.bumblebeewatch.org/sightings/bee/207442/,present,https://www.bumblebeewatch.org/metadata/
267406,145757,Animalia,Apidae,Bombus,fervidus (incl. californicus),Yellow bumble bee,Wakan Tipi,WGS 84,44.9532,-93.075,Minnesota,United States,8/18/25,8,18,2025,11/6/25,37.5,Female,1,,Elise Bernstein,elisebee,Verified,11/7/25,gpugesek,,Bumble Bee Atlas,,Website,FALSE,Cirsium discolor,,native,samplingProtocol,"https://www.bumblebeewatch.org/media/2025/11/06/5fb61599139348e6a7465fb9198ab8e2.jpg, https://www.bumblebeewatch.org/media/2025/11/06/41a5b5778fdc452d9b9449e653aeb692.jpg, https://www.bumblebeewatch.org/media/2025/11/06/573c1572a5814c5eac96abb6ec727b22.jpg, https://www.bumblebeewatch.org/media/2025/11/06/06ebc28562cb403cbde888701c9f84ae.jpg",,,https://www.bumblebeewatch.org/sightings/bee/267406/,present,https://www.bumblebeewatch.org/metadata/
267403,145757,Animalia,Apidae,Bombus,auricomus,Black and gold bumble bee,Wakan Tipi,WGS 84,44.9532,-93.075,Minnesota,United States,8/18/25,8,18,2025,11/6/25,37.5,Female,11,,Elise Bernstein,elisebee,Verified,11/7/25,gpugesek,,Bumble Bee Atlas,,Website,FALSE,Cirsium discolor,,native,samplingProtocol,"https://www.bumblebeewatch.org/media/2025/11/06/5c5b6d69ebc84720a7babd9ff86b54c3.jpg, https://www.bumblebeewatch.org/media/2025/11/06/7ec2108f025f4006bbc29cfda329067d.jpg",,,https://www.bumblebeewatch.org/sightings/bee/267403/,present,https://www.bumblebeewatch.org/metadata/
267402,145757,Animalia,Apidae,Bombus,griseocollis,Brown-belted bumble bee,Wakan Tipi,WGS 84,44.9532,-93.075,Minnesota,United States,8/18/25,8,18,2025,11/6/25,37.5,Male,1,,Elise Bernstein,elisebee,Verified,11/6/25,gpugesek,,Bumble Bee Atlas,,Website,FALSE,Cirsium discolor,,native,samplingProtocol,"https://www.bumblebeewatch.org/media/2025/11/06/34e1adf9b650453abfbd51baf75771c5.jpg, https://www.bumblebeewatch.org/media/2025/11/06/e87cbb8cbe2441c18facdf51c7a32962.jpg, https://www.bumblebeewatch.org/media/2025/11/06/4090edf4f4a94a6582062e28dc5feeac.jpg",,,https://www.bumblebeewatch.org/sightings/bee/267402/,present,https://www.bumblebeewatch.org/metadata/
267409,145757,Animalia,Apidae,Bombus,impatiens,Common eastern bumble bee,Wakan Tipi,WGS 84,44.9532,-93.075,Minnesota,United States,8/18/25,8,18,2025,11/6/25,37.5,Worker,11,,Elise Bernstein,elisebee,Verified,11/7/25,gpugesek,,Bumble Bee Atlas,,Website,FALSE,Cirsium discolor,,native,samplingProtocol,"https://www.bumblebeewatch.org/media/2025/11/06/6f17570a42f9400eb66006490f539e98.jpg, https://www.bumblebeewatch.org/media/2025/11/06/62d8954a2a7c4b95adc8d10c2cc26c63.jpg, https://www.bumblebeewatch.org/media/2025/11/06/744af7a3d1434fca92033ceab2015df8.jpg",,,https://www.bumblebeewatch.org/sightings/bee/267409/,present,https://www.bumblebeewatch.org/metadata/
267396,145752,Animalia,Apidae,Bombus,impatiens,Common eastern bumble bee,Wakan Tipi,WGS 84,44.9532,-93.075,Minnesota,United States,8/2/25,8,2,2025,11/5/25,37.5,Worker,2,,Elise Bernstein,elisebee,Verified,11/7/25,gpugesek,,Bumble Bee Atlas,,Website,FALSE,Dalea purpurea,,native,samplingProtocol,"https://www.bumblebeewatch.org/media/2025/11/06/d2dc7c8914fa463e97fd2ebfca64919d.jpg, https://www.bumblebeewatch.org/media/2025/11/06/c2eaf1b966f14746be9568ea2962f4bc.jpg, https://www.bumblebeewatch.org/media/2025/11/06/0a53f81852ee490cb885aff66a9634c7.jpg, https://www.bumblebeewatch.org/media/2025/11/06/b96026f042cb48cda1abdf40a74a83cc.jpg, https://www.bumblebeewatch.org/media/2025/11/06/6021d2c003c54734b9e340ed1f084ae2.jpg",,,https://www.bumblebeewatch.org/sightings/bee/267396/,present,https://www.bumblebeewatch.org/metadata/
267384,140196,Animalia,Apidae,Bombus,griseocollis,Brown-belted bumble bee,Wakan Tipi,WGS 84,44.9532,-93.075,Minnesota,United States,7/28/25,7,28,2025,8/4/25,12.5,Worker,8,,Elise Bernstein,elisebee,Verified,11/6/25,gpugesek,,Bumble Bee Atlas,,Website,FALSE,Dalea purpurea,,native,samplingProtocol,https://www.bumblebeewatch.org/media/2025/11/05/081f1cb108334b5ebdb8a005f8ac6fe6.jpg,,,https://www.bumblebeewatch.org/sightings/bee/267384/,present,https://www.bumblebeewatch.org/metadata/
267383,140196,Animalia,Apidae,Bombus,rufocinctus,Red-belted bumble bee,Wakan Tipi,WGS 84,44.9532,-93.075,Minnesota,United States,7/28/25,7,28,2025,8/4/25,12.5,Worker,4,,Elise Bernstein,elisebee,Verified,11/7/25,gpugesek,,Bumble Bee Atlas,,Website,FALSE,Dalea purpurea,,native,samplingProtocol,"https://www.bumblebeewatch.org/media/2025/11/05/8bce3553f3d44ab49626172b234d772e.jpg, https://www.bumblebeewatch.org/media/2025/11/05/405902f7631746f99e695f426daa6673.jpg, https://www.bumblebeewatch.org/media/2025/11/05/54d049ad9b2e44f7b06bb7799595ab8a.jpg, https://www.bumblebeewatch.org/media/2025/11/05/8ee602a5df8b4f79a44ce77582f226e4.jpg, https://www.bumblebeewatch.org/media/2025/11/05/4be57c614cb048d7a10489a292dd21c6.jpg",,,https://www.bumblebeewatch.org/sightings/bee/267383/,present,https://www.bumblebeewatch.org/metadata/
267422,140196,Animalia,Apidae,Bombus,fervidus (incl. californicus),Yellow bumble bee,Wakan Tipi,WGS 84,44.9532,-93.075,Minnesota,United States,7/28/25,7,28,2025,8/4/25,12.5,Worker,1,,Elise Bernstein,elisebee,Verified,11/7/25,gpugesek,,Bumble Bee Atlas,,Website,FALSE,Dalea purpurea,,native,samplingProtocol,"https://www.bumblebeewatch.org/media/2025/11/06/eb019d4b279e401d92f0a68673914eda.jpg, https://www.bumblebeewatch.org/media/2025/11/06/118ed897943f4e0bac01109acf997e90.jpg, https://www.bumblebeewatch.org/media/2025/11/06/b101680162a54cf2a0f2b940068f8688.jpg",,,https://www.bumblebeewatch.org/sightings/bee/267422/,present,https://www.bumblebeewatch.org/metadata/
267421,140196,Animalia,Apidae,Bombus,impatiens,Common eastern bumble bee,Wakan Tipi,WGS 84,44.9532,-93.075,Minnesota,United States,7/28/25,7,28,2025,8/4/25,12.5,Worker,11,,Elise Bernstein,elisebee,Verified,11/7/25,gpugesek,,Bumble Bee Atlas,,Website,FALSE,Dalea purpurea,,native,samplingProtocol,"https://www.bumblebeewatch.org/media/2025/11/06/fd00d7b8cc7649c3b199862ded6ecca7.jpg, https://www.bumblebeewatch.org/media/2025/11/06/f7bb762b75ba4fd3bc0f7e2329ba0306.jpg",,,https://www.bumblebeewatch.org/sightings/bee/267421/,present,https://www.bumblebeewatch.org/metadata/
267419,140196,Animalia,Apidae,Bombus,vagans,Half-black bumble bee,Wakan Tipi,WGS 84,44.9532,-93.075,Minnesota,United States,7/28/25,7,28,2025,8/4/25,12.5,Worker,1,,Elise Bernstein,elisebee,Verified,11/7/25,gpugesek,,Bumble Bee Atlas,,Website,FALSE,Dalea purpurea,,native,samplingProtocol,"https://www.bumblebeewatch.org/media/2025/11/06/40675f39b901489fa7be77e113573051.jpg, https://www.bumblebeewatch.org/media/2025/11/06/102dad8aba3d41b4a97d26c28e6e7a1c.jpg, https://www.bumblebeewatch.org/media/2025/11/06/03e0af75a89540768088636ab6927c19.jpg",,,https://www.bumblebeewatch.org/sightings/bee/267419/,present,https://www.bumblebeewatch.org/metadata/
207617,129972,Animalia,Apidae,Bombus,auricomus,Black and gold bumble bee,Wakan Tipi,WGS 84,44.9532,-93.075,Minnesota,United States,7/31/24,7,31,2024,9/3/24,75,Worker,1,,Elise Bernstein,elisebee,Verified,10/22/24,gpugesek,GP,Bumble Bee Atlas,,Website,FALSE,Dalea purpurea,,native,samplingProtocol,"https://www.bumblebeewatch.org/media/bees/big/P7311785.JPG, https://www.bumblebeewatch.org/media/bees/big/P7311782.JPG, https://www.bumblebeewatch.org/media/bees/big/P7311781.JPG, https://www.bumblebeewatch.org/media/bees/big/P7311783.JPG, https://www.bumblebeewatch.org/media/bees/big/P7311784.JPG",,6,https://www.bumblebeewatch.org/sightings/bee/207617/,present,https://www.bumblebeewatch.org/metadata/
207616,129972,Animalia,Apidae,Bombus,impatiens,Common eastern bumble bee,Wakan Tipi,WGS 84,44.9532,-93.075,Minnesota,United States,7/31/24,7,31,2024,9/3/24,75,Worker,1,,Elise Bernstein,elisebee,Verified,10/22/24,gpugesek,GP,Bumble Bee Atlas,,Website,FALSE,Dalea purpurea,,native,samplingProtocol,"https://www.bumblebeewatch.org/media/bees/big/P7311777.JPG, https://www.bumblebeewatch.org/media/bees/big/P7311779.JPG, https://www.bumblebeewatch.org/media/bees/big/P7311776.JPG, https://www.bumblebeewatch.org/media/bees/big/P7311778.JPG",,5,https://www.bumblebeewatch.org/sightings/bee/207616/,present,https://www.bumblebeewatch.org/metadata/
207603,129972,Animalia,Apidae,Bombus,rufocinctus,Red-belted bumble bee,Wakan Tipi,WGS 84,44.9532,-93.075,Minnesota,United States,7/31/24,7,31,2024,9/3/24,75,Worker,8,,Elise Bernstein,elisebee,Verified,10/22/24,gpugesek,GP,Bumble Bee Atlas,,Website,FALSE,Dalea purpurea,,native,samplingProtocol,"https://www.bumblebeewatch.org/media/bees/big/IMG_1036_n4C5y0V.jpg, https://www.bumblebeewatch.org/media/bees/big/IMG_1037.jpg",,1,https://www.bumblebeewatch.org/sightings/bee/207603/,present,https://www.bumblebeewatch.org/metadata/
267387,145752,Animalia,Apidae,Bombus,impatiens,Common eastern bumble bee,Wakan Tipi,WGS 84,44.9532,-93.075,Minnesota,United States,8/2/25,8,2,2025,11/5/25,37.5,Worker,8,,Elise Bernstein,elisebee,Verified,11/7/25,gpugesek,,Bumble Bee Atlas,,Website,FALSE,Eutrochium maculatum,,native,samplingProtocol,"https://www.bumblebeewatch.org/media/2025/11/06/0aba4d598ba748a99b40eb0b8ff3ed25.jpg, https://www.bumblebeewatch.org/media/2025/11/06/1629ecea541f429f877aa990d3e0a80c.jpg, https://www.bumblebeewatch.org/media/2025/11/06/7cc8cf05e41640d9bb5a69a8b2194ccd.jpg, https://www.bumblebeewatch.org/media/2025/11/06/814c620e496f4a34aabf75f0b6ae9003.jpg",,,https://www.bumblebeewatch.org/sightings/bee/267387/,present,https://www.bumblebeewatch.org/metadata/
267388,145752,Animalia,Apidae,Bombus,impatiens,Common eastern bumble bee,Wakan Tipi,WGS 84,44.9532,-93.075,Minnesota,United States,8/2/25,8,2,2025,11/5/25,37.5,Male,1,,Elise Bernstein,elisebee,Verified,11/7/25,gpugesek,,Bumble Bee Atlas,,Website,FALSE,Eutrochium maculatum,,native,samplingProtocol,"https://www.bumblebeewatch.org/media/2025/11/06/aaddcac70f2d4dc7a733741598c71074.jpg, https://www.bumblebeewatch.org/media/2025/11/06/06ea5be403fe47e6aae718b92d3d73ae.jpg, https://www.bumblebeewatch.org/media/2025/11/06/35af32058e11458b9ed773034b6c8514.jpg, https://www.bumblebeewatch.org/media/2025/11/06/c9ba3ecfffd542d5b13b02bfd863fb7e.jpg, https://www.bumblebeewatch.org/media/2025/11/06/ca11adca15484cddba296a15055a3313.jpg",,,https://www.bumblebeewatch.org/sightings/bee/267388/,present,https://www.bumblebeewatch.org/metadata/
267390,145752,Animalia,Apidae,Bombus,rufocinctus,Red-belted bumble bee,Wakan Tipi,WGS 84,44.9532,-93.075,Minnesota,United States,8/2/25,8,2,2025,11/5/25,37.5,Worker,2,,Elise Bernstein,elisebee,Verified,11/7/25,gpugesek,,Bumble Bee Atlas,,Website,FALSE,Eutrochium maculatum,,native,samplingProtocol,"https://www.bumblebeewatch.org/media/2025/11/06/9118bc0470bd49028388b21d0ee43dc5.jpg, https://www.bumblebeewatch.org/media/2025/11/06/1693c1ff903d48b18d685dad703eb601.jpg, https://www.bumblebeewatch.org/media/2025/11/06/c8e0554ae1934a02994ad33463f05f9c.jpg, https://www.bumblebeewatch.org/media/2025/11/06/590a0c7559a54b2094b835004b3d54cd.jpg, https://www.bumblebeewatch.org/media/2025/11/06/87d9b2442bd143018faa83617a6b2041.jpg, https://www.bumblebeewatch.org/media/2025/11/06/b1d149afa3da495bb361d51bfcf97b54.jpg",,,https://www.bumblebeewatch.org/sightings/bee/267390/,present,https://www.bumblebeewatch.org/metadata/
267342,140196,Animalia,Apidae,Bombus,impatiens,Common eastern bumble bee,Wakan Tipi,WGS 84,44.9532,-93.075,Minnesota,United States,7/28/25,7,28,2025,8/4/25,12.5,Worker,7,,Elise Bernstein,elisebee,Verified,11/7/25,gpugesek,,Bumble Bee Atlas,,Website,FALSE,Eutrochium maculatum,,native,samplingProtocol,"https://www.bumblebeewatch.org/media/2025/11/04/fc0c8357a16545ef97d0ed128e06b8ba.jpg, https://www.bumblebeewatch.org/media/2025/11/04/a126315e908e44c7b4844b0ed1f5382d.jpg, https://www.bumblebeewatch.org/media/2025/11/04/a7ef26550a5a40bbbe774dcbb77948c6.jpg, https://www.bumblebeewatch.org/media/2025/11/04/6db6a09ce7e2494c8e53b4e093d46b04.jpg, https://www.bumblebeewatch.org/media/2025/11/04/376a5a62163644a6856683670bd12ab8.jpg",,,https://www.bumblebeewatch.org/sightings/bee/267342/,present,https://www.bumblebeewatch.org/metadata/
267341,140196,Animalia,Apidae,Bombus,rufocinctus,Red-belted bumble bee,Wakan Tipi,WGS 84,44.9532,-93.075,Minnesota,United States,7/28/25,7,28,2025,8/4/25,12.5,Male,3,,Elise Bernstein,elisebee,Verified,11/7/25,gpugesek,,Bumble Bee Atlas,,Website,FALSE,Eutrochium maculatum,,native,samplingProtocol,"https://www.bumblebeewatch.org/media/2025/11/04/109d705524e249e38c74d05c9de9179f.jpg, https://www.bumblebeewatch.org/media/2025/11/04/9a344ceb672e485aa4b70e763bb71e1b.jpg, https://www.bumblebeewatch.org/media/2025/11/04/e7e092174876423b9f61fa16e66ee037.jpg, https://www.bumblebeewatch.org/media/2025/11/04/2f7176b14a304fdcbf89f45239c44d51.jpg, https://www.bumblebeewatch.org/media/2025/11/04/0044b89ce8644e93a22d1dda10c95bf1.jpg, https://www.bumblebeewatch.org/media/2025/11/04/0eb5d19a19d54d7cb73ddc48febe342c.jpg",,,https://www.bumblebeewatch.org/sightings/bee/267341/,present,https://www.bumblebeewatch.org/metadata/
267415,140196,Animalia,Apidae,Bombus,rufocinctus,Red-belted bumble bee,Wakan Tipi,WGS 84,44.9532,-93.075,Minnesota,United States,7/28/25,7,28,2025,8/4/25,12.5,Worker,1,,Elise Bernstein,elisebee,Verified,11/7/25,gpugesek,,Bumble Bee Atlas,,Website,FALSE,Eutrochium maculatum,,native,samplingProtocol,"https://www.bumblebeewatch.org/media/2025/11/06/88cb35f296f04476bc8e131447cc9187.jpg, https://www.bumblebeewatch.org/media/2025/11/06/3f59647991354977b8d71fcdc02e3b10.jpg, https://www.bumblebeewatch.org/media/2025/11/06/1136e10d06744a07abfff2ae4841b32b.jpg",,,https://www.bumblebeewatch.org/sightings/bee/267415/,present,https://www.bumblebeewatch.org/metadata/
159409,116328,Animalia,Apidae,Bombus,impatiens,Common eastern bumble bee,"Wakan Tipi, wetland area",WGS 84,44.9532,-93.075,Minnesota,United States,8/11/23,8,11,2023,8/21/23,37.5,Worker,4,,Elise Bernstein,elisebee,Verified,9/22/23,fuzzybumblebee,EEvans Same photo used for mulitple specimens. ID onsight by EBernstein,OLD_MNBBA,,Website,FALSE,Eutrochium purpureum,,native,samplingProtocol,"https://www.bumblebeewatch.org/media/bees/big/dbc0d4ff-dede-4493-aa80-d89be1c9b31d.jpg, https://www.bumblebeewatch.org/media/bees/big/f8b985fd-12d5-4140-96b3-4b99dfd6dc6d.jpg, https://www.bumblebeewatch.org/media/bees/big/61e4175f-d43b-47d9-ae4a-7e13e999c517.jpg, https://www.bumblebeewatch.org/media/bees/big/52e01af9-cc43-4d8e-a131-d9a4ae652f59.jpg",1,,https://www.bumblebeewatch.org/sightings/bee/159409/,present,https://www.bumblebeewatch.org/metadata/
159418,116328,Animalia,Apidae,Bombus,griseocollis,Brown-belted bumble bee,"Wakan Tipi, wetland area",WGS 84,44.9532,-93.075,Minnesota,United States,8/11/23,8,11,2023,8/21/23,37.5,Male,1,,Elise Bernstein,elisebee,Verified,9/22/23,fuzzybumblebee,EEvans Same photo used for mulitple specimens. ID onsight by EBernstein,OLD_MNBBA,,Website,FALSE,Eutrochium purpureum,,native,samplingProtocol,"https://www.bumblebeewatch.org/media/bees/big/4d9d2252-79c2-4ba0-9633-28a8a4f3e888.jpg, https://www.bumblebeewatch.org/media/bees/big/d0e8d45a-90f0-4d22-a549-555665a35449.jpg, https://www.bumblebeewatch.org/media/bees/big/51716350-f047-4b72-b764-4f8b4d4e838f.jpg, https://www.bumblebeewatch.org/media/bees/big/75a8750d-0065-4da9-895f-8ccb75c22db6.jpg",1,,https://www.bumblebeewatch.org/sightings/bee/159418/,present,https://www.bumblebeewatch.org/metadata/
159417,116328,Animalia,Apidae,Bombus,impatiens,Common eastern bumble bee,"Wakan Tipi, wetland area",WGS 84,44.9532,-93.075,Minnesota,United States,8/11/23,8,11,2023,8/21/23,37.5,Worker,14,,Elise Bernstein,elisebee,Verified,9/22/23,fuzzybumblebee,EEvans Same photo used for mulitple specimens. ID onsight by EBernstein,OLD_MNBBA,,Website,FALSE,Eutrochium purpureum,,native,samplingProtocol,"https://www.bumblebeewatch.org/media/bees/big/af69edc5-f843-42c4-a401-b30d948e88bd.jpg, https://www.bumblebeewatch.org/media/bees/big/9a769580-3999-49bc-bf44-2a9b14d90c2d.jpg, https://www.bumblebeewatch.org/media/bees/big/a3852e72-337e-48d4-b8bc-c1f22b58ba08.jpg, https://www.bumblebeewatch.org/media/bees/big/68802b31-450d-420a-a25c-5a5c8ebe5821.jpg",1,,https://www.bumblebeewatch.org/sightings/bee/159417/,present,https://www.bumblebeewatch.org/metadata/
159408,116328,Animalia,Apidae,Bombus,vagans,Half-black bumble bee,"Wakan Tipi, wetland area",WGS 84,44.9532,-93.075,Minnesota,United States,8/11/23,8,11,2023,8/21/23,37.5,Male,1,,Elise Bernstein,elisebee,Verified,9/22/23,fuzzybumblebee,EEvans Same photo used for mulitple specimens. ID onsight by EBernstein,OLD_MNBBA,,Website,FALSE,Eutrochium purpureum,,native,samplingProtocol,"https://www.bumblebeewatch.org/media/bees/big/fff050bb-b006-4ef4-83c5-42e60cc02c46.jpg, https://www.bumblebeewatch.org/media/bees/big/22d44d0e-2aa9-4163-8c60-6b7d9dfb3e09.jpg, https://www.bumblebeewatch.org/media/bees/big/c398bfd0-db15-41fb-ab62-650a1a856ed8.jpg",2,,https://www.bumblebeewatch.org/sightings/bee/159408/,present,https://www.bumblebeewatch.org/metadata/
207625,129972,Animalia,Apidae,Bombus,griseocollis,Brown-belted bumble bee,Wakan Tipi,WGS 84,44.9532,-93.075,Minnesota,United States,7/31/24,7,31,2024,9/3/24,75,Male,2,,Elise Bernstein,elisebee,Verified,10/22/24,gpugesek,GP,Bumble Bee Atlas,,Website,FALSE,Eutrochium purpureum,,native,samplingProtocol,"https://www.bumblebeewatch.org/media/bees/big/P7311852.JPG, https://www.bumblebeewatch.org/media/bees/big/P7311853.JPG, https://www.bumblebeewatch.org/media/bees/big/P7311855.JPG, https://www.bumblebeewatch.org/media/bees/big/P7311854.JPG",,15,https://www.bumblebeewatch.org/sightings/bee/207625/,present,https://www.bumblebeewatch.org/metadata/
207623,129972,Animalia,Apidae,Bombus,impatiens,Common eastern bumble bee,Wakan Tipi,WGS 84,44.9532,-93.075,Minnesota,United States,7/31/24,7,31,2024,9/3/24,75,Worker,1,,Elise Bernstein,elisebee,Verified,10/22/24,gpugesek,GP,Bumble Bee Atlas,,Website,FALSE,Eutrochium purpureum,,native,samplingProtocol,"https://www.bumblebeewatch.org/media/bees/big/P7311848.JPG, https://www.bumblebeewatch.org/media/bees/big/P7311850.JPG, https://www.bumblebeewatch.org/media/bees/big/P7311849.JPG, https://www.bumblebeewatch.org/media/bees/big/P7311847.JPG",,14,https://www.bumblebeewatch.org/sightings/bee/207623/,present,https://www.bumblebeewatch.org/metadata/
121354,104174,Animalia,Apidae,Bombus,rufocinctus,Red-belted bumble bee,Wakan Tipi,WGS 84,44.919308,-93.069633,Minnesota,United States,8/8/22,8,8,2022,8/8/22,75,Male,13,,Elaine Evans,fuzzybumblebee,Verified,9/26/22,fuzzybumblebee,"One photo per species/sex combination. Field ID by EEvans, Chan Dolan, or Sarah Folz Jordan",OLD_MNBBA,,Website,FALSE,Eutrochium purpureum,,native,samplingProtocol,"https://www.bumblebeewatch.org/media/bees/big/955bd74e-c010-432e-94af-24b08b8ebc95.jpg, https://www.bumblebeewatch.org/media/bees/big/204d40b7-30c2-4c50-8699-b5c759a315c5.jpg, https://www.bumblebeewatch.org/media/bees/big/82fbccd6-ecf0-4d08-8a7e-e7d895569f72.jpg, https://www.bumblebeewatch.org/media/bees/big/cfc16ef3-9373-4ca8-8562-7cba58b36587.jpg",,,https://www.bumblebeewatch.org/sightings/bee/121354/,present,https://www.bumblebeewatch.org/metadata/
121353,104174,Animalia,Apidae,Bombus,rufocinctus,Red-belted bumble bee,Wakan Tipi,WGS 84,44.919308,-93.069633,Minnesota,United States,8/8/22,8,8,2022,8/8/22,75,Female,3,,Elaine Evans,fuzzybumblebee,Verified,9/26/22,fuzzybumblebee,"One photo per species/sex combination. Field ID by EEvans, Chan Dolan, or Sarah Folz Jordan",OLD_MNBBA,,Website,FALSE,Eutrochium purpureum,,native,samplingProtocol,"https://www.bumblebeewatch.org/media/bees/big/50c3ea32-8a29-44ad-9a8a-9dd943346fe4.jpg, https://www.bumblebeewatch.org/media/bees/big/54184b59-1eb7-4b76-9e6f-2d6a51ffb842.jpg, https://www.bumblebeewatch.org/media/bees/big/213f4b84-84eb-46bf-9512-b2e7406fadb3.jpg, https://www.bumblebeewatch.org/media/bees/big/14704cd6-c653-451e-8039-db5b4648bcaa.jpg",,,https://www.bumblebeewatch.org/sightings/bee/121353/,present,https://www.bumblebeewatch.org/metadata/
121352,104174,Animalia,Apidae,Bombus,citrinus,Lemon cuckoo bumble bee,Wakan Tipi,WGS 84,44.919308,-93.069633,Minnesota,United States,8/8/22,8,8,2022,8/8/22,75,Male,1,,Elaine Evans,fuzzybumblebee,Verified,8/19/22,fuzzybumblebee,EEvans,OLD_MNBBA,,Website,FALSE,Eutrochium purpureum,,native,samplingProtocol,"https://www.bumblebeewatch.org/media/bees/big/a0661d79-59ec-4c8d-9331-536d85f4951b.jpg, https://www.bumblebeewatch.org/media/bees/big/7fd852b9-c886-4ada-aeea-675dee839b90.jpg, https://www.bumblebeewatch.org/media/bees/big/900b6830-2d10-4dcc-83cf-44a116764d77.jpg",1,,https://www.bumblebeewatch.org/sightings/bee/121352/,present,https://www.bumblebeewatch.org/metadata/
121351,104174,Animalia,Apidae,Bombus,sp.,Bumble bee,Wakan Tipi,WGS 84,44.919308,-93.069633,Minnesota,United States,8/8/22,8,8,2022,8/8/22,75,Female,57,,Elaine Evans,fuzzybumblebee,Verified,9/26/22,fuzzybumblebee,"One photo per species/sex combination. Field ID by EEvans, Chan Dolan, or Sarah Folz Jordan",OLD_MNBBA,,Website,FALSE,Eutrochium purpureum,,native,samplingProtocol,"https://www.bumblebeewatch.org/media/bees/big/3094dbe2-a4db-452c-8b81-b85bbb127630.jpg, https://www.bumblebeewatch.org/media/bees/big/ccac5c4d-7a7f-476d-81de-35737161dd0c.jpg, https://www.bumblebeewatch.org/media/bees/big/4ba16361-d6e6-4997-8dc3-e921a0ba4bbc.jpg, https://www.bumblebeewatch.org/media/bees/big/9166eb3c-b2a3-44a3-bc78-eca8cb8de4f7.jpg",,,https://www.bumblebeewatch.org/sightings/bee/121351/,present,https://www.bumblebeewatch.org/metadata/
121356,104174,Animalia,Apidae,Bombus,impatiens,Common eastern bumble bee,Wakan Tipi,WGS 84,44.919308,-93.069633,Minnesota,United States,8/8/22,8,8,2022,8/8/22,75,Male,3,,Elaine Evans,fuzzybumblebee,Verified,8/10/22,fuzzybumblebee,EEvans,OLD_MNBBA,,Website,FALSE,Eutrochium purpureum,,native,samplingProtocol,"https://www.bumblebeewatch.org/media/bees/big/7339d2e1-9204-4746-97fc-e67df8fdb1c5.jpg, https://www.bumblebeewatch.org/media/bees/big/7a7402a7-17cd-4d75-93a9-8c03eca4bad7.jpg",1,,https://www.bumblebeewatch.org/sightings/bee/121356/,present,https://www.bumblebeewatch.org/metadata/
121355,104174,Animalia,Apidae,Bombus,citrinus,Lemon cuckoo bumble bee,Wakan Tipi,WGS 84,44.919308,-93.069633,Minnesota,United States,8/8/22,8,8,2022,8/8/22,75,Female,2,,Elaine Evans,fuzzybumblebee,Verified,8/19/22,fuzzybumblebee,EEvans,OLD_MNBBA,,Website,FALSE,Eutrochium purpureum,,native,samplingProtocol,"https://www.bumblebeewatch.org/media/bees/big/b874e005-9347-4fae-8ed9-36f5a56cc4a8.jpg, https://www.bumblebeewatch.org/media/bees/big/2f5a70d9-e6fb-42bc-964a-b0dbb49c3b74.jpg, https://www.bumblebeewatch.org/media/bees/big/cbb02458-1f73-460d-9c3b-6f7f34461969.jpg",1,,https://www.bumblebeewatch.org/sightings/bee/121355/,present,https://www.bumblebeewatch.org/metadata/
207586,129493,Animalia,Apidae,Bombus,impatiens,Common eastern bumble bee,Wakan Tipi,WGS 84,44.9532,-93.075,Minnesota,United States,8/21/24,8,21,2024,8/28/24,37.5,Female,1,,Elise Bernstein,elisebee,Verified,10/22/24,gpugesek,GP,Bumble Bee Atlas,,Website,FALSE,Helianthus tuberosus,,native,samplingProtocol,"https://www.bumblebeewatch.org/media/bees/big/IMG_1591.jpg, https://www.bumblebeewatch.org/media/bees/big/IMG_1593_lVGJfCG.jpg, https://www.bumblebeewatch.org/media/bees/big/IMG_1592.jpg",,11,https://www.bumblebeewatch.org/sightings/bee/207586/,present,https://www.bumblebeewatch.org/metadata/
207584,129493,Animalia,Apidae,Bombus,impatiens,Common eastern bumble bee,Wakan Tipi,WGS 84,44.9532,-93.075,Minnesota,United States,8/21/24,8,21,2024,8/28/24,37.5,Male,1,,Elise Bernstein,elisebee,Verified,10/22/24,gpugesek,GP,Bumble Bee Atlas,,Website,FALSE,Helianthus tuberosus,,native,samplingProtocol,"https://www.bumblebeewatch.org/media/bees/big/IMG_1582_-_Copy.jpg, https://www.bumblebeewatch.org/media/bees/big/IMG_1583_-_Copy.jpg, https://www.bumblebeewatch.org/media/bees/big/IMG_1584_-_Copy.jpg, https://www.bumblebeewatch.org/media/bees/big/IMG_1581_-_Copy.jpg",,9,https://www.bumblebeewatch.org/sightings/bee/207584/,present,https://www.bumblebeewatch.org/metadata/
207585,129493,Animalia,Apidae,Bombus,impatiens,Common eastern bumble bee,Wakan Tipi,WGS 84,44.9532,-93.075,Minnesota,United States,8/21/24,8,21,2024,8/28/24,37.5,Male,1,,Elise Bernstein,elisebee,Verified,10/22/24,gpugesek,GP,Bumble Bee Atlas,,Website,FALSE,Impatiens capensis,,native,samplingProtocol,"https://www.bumblebeewatch.org/media/bees/big/IMG_1586.jpg, https://www.bumblebeewatch.org/media/bees/big/IMG_1587_ksJc8NN.jpg, https://www.bumblebeewatch.org/media/bees/big/IMG_1588.jpg, https://www.bumblebeewatch.org/media/bees/big/IMG_1589.jpg",,10,https://www.bumblebeewatch.org/sightings/bee/207585/,present,https://www.bumblebeewatch.org/metadata/
207450,129493,Animalia,Apidae,Bombus,impatiens,Common eastern bumble bee,Wakan Tipi,WGS 84,44.9532,-93.075,Minnesota,United States,8/21/24,8,21,2024,8/28/24,37.5,Female,7,,Elise Bernstein,elisebee,Verified,10/22/24,gpugesek,,Bumble Bee Atlas,,Website,FALSE,Impatiens capensis,,native,samplingProtocol,"https://www.bumblebeewatch.org/media/bees/big/IMG_1574.jpg, https://www.bumblebeewatch.org/media/bees/big/IMG_1573_xlaTCdt.jpg, https://www.bumblebeewatch.org/media/bees/big/IMG_1572.jpg, https://www.bumblebeewatch.org/media/bees/big/IMG_1571_PSjsAoS.jpg",,6,https://www.bumblebeewatch.org/sightings/bee/207450/,present,https://www.bumblebeewatch.org/metadata/
128051,106176,Animalia,Apidae,Bombus,impatiens,Common eastern bumble bee,Wakan Tipi,WGS 84,44.919308,-93.069633,Minnesota,United States,9/2/22,9,2,2022,9/2/22,37.5,Female,1,,Elaine Evans,fuzzybumblebee,Verified,9/21/22,fuzzybumblebee,EEvans,OLD_MNBBA,,Website,FALSE,Impatiens capensis,,native,samplingProtocol,"https://www.bumblebeewatch.org/media/bees/big/0b2d0e25-e857-4755-8a93-4012e4c33714.jpg, https://www.bumblebeewatch.org/media/bees/big/e4f8ed8e-4468-4aa3-ab6d-49b76da11885.jpg, https://www.bumblebeewatch.org/media/bees/big/70329a0d-40c3-42b7-9d0b-3ebf88735c38.jpg",1,,https://www.bumblebeewatch.org/sightings/bee/128051/,present,https://www.bumblebeewatch.org/metadata/
267410,145757,Animalia,Apidae,Bombus,impatiens,Common eastern bumble bee,Wakan Tipi,WGS 84,44.9532,-93.075,Minnesota,United States,8/18/25,8,18,2025,11/6/25,37.5,Female,3,,Elise Bernstein,elisebee,Verified,11/7/25,gpugesek,,Bumble Bee Atlas,,Website,FALSE,Lobelia siphilitica,,native,samplingProtocol,"https://www.bumblebeewatch.org/media/2025/11/06/2d8dd86a1f2c4345b3f990e338f3cda7.jpg, https://www.bumblebeewatch.org/media/2025/11/06/81cce99ea94d4f5b84aaab6dc260a65e.jpg, https://www.bumblebeewatch.org/media/2025/11/06/123206402ff44980991f2eac89e68fa5.jpg",,,https://www.bumblebeewatch.org/sightings/bee/267410/,present,https://www.bumblebeewatch.org/metadata/
121364,104174,Animalia,Apidae,Bombus,rufocinctus,Red-belted bumble bee,Wakan Tipi,WGS 84,44.919308,-93.069633,Minnesota,United States,8/8/22,8,8,2022,8/8/22,75,Female,1,,Elaine Evans,fuzzybumblebee,Verified,9/26/22,fuzzybumblebee,"One photo per species/sex combination. Field ID by EEvans, Chan Dolan, or Sarah Folz Jordan",OLD_MNBBA,,Website,FALSE,Lythrum salicaria,,non-native,samplingProtocol,"https://www.bumblebeewatch.org/media/bees/big/78f90791-bd04-401c-abe1-882bce47a8ce.jpg, https://www.bumblebeewatch.org/media/bees/big/c95a3895-941b-4526-9506-4ba501c5f5b8.jpg, https://www.bumblebeewatch.org/media/bees/big/5cbd9709-2905-4ad9-96c5-74566c955873.jpg, https://www.bumblebeewatch.org/media/bees/big/100d187e-3990-4465-bd73-9063ef654740.jpg, https://www.bumblebeewatch.org/media/bees/big/08494b1a-b3ef-47f7-907d-5a313c388f44.jpg",,,https://www.bumblebeewatch.org/sightings/bee/121364/,present,https://www.bumblebeewatch.org/metadata/
121363,104174,Animalia,Apidae,Bombus,impatiens,Common eastern bumble bee,Wakan Tipi,WGS 84,44.919308,-93.069633,Minnesota,United States,8/8/22,8,8,2022,8/8/22,75,Female,3,,Elaine Evans,fuzzybumblebee,Verified,8/10/22,fuzzybumblebee,EEvans,OLD_MNBBA,,Website,FALSE,Lythrum salicaria,,non-native,samplingProtocol,"https://www.bumblebeewatch.org/media/bees/big/4e8f37d4-9437-4f2e-a5ad-8e669a623ebd.jpg, https://www.bumblebeewatch.org/media/bees/big/a8eac0bd-256d-4ba6-8dac-7e70bc55ffac.jpg",1,,https://www.bumblebeewatch.org/sightings/bee/121363/,present,https://www.bumblebeewatch.org/metadata/
267398,145752,Animalia,Apidae,Bombus,griseocollis,Brown-belted bumble bee,Wakan Tipi,WGS 84,44.9532,-93.075,Minnesota,United States,8/2/25,8,2,2025,11/5/25,37.5,Female,3,,Elise Bernstein,elisebee,Verified,11/6/25,gpugesek,,Bumble Bee Atlas,,Website,FALSE,Monarda fistulosa,,native,samplingProtocol,"https://www.bumblebeewatch.org/media/2025/11/06/551f2b5514c848c5b0ab6d8face81439.jpg, https://www.bumblebeewatch.org/media/2025/11/06/5c70a0e031724b58ad8d654109865564.jpg, https://www.bumblebeewatch.org/media/2025/11/06/3a240427ab504e4bb71e6a1be68a517b.jpg",,,https://www.bumblebeewatch.org/sightings/bee/267398/,present,https://www.bumblebeewatch.org/metadata/
267389,145752,Animalia,Apidae,Bombus,auricomus,Black and gold bumble bee,Wakan Tipi,WGS 84,44.9532,-93.075,Minnesota,United States,8/2/25,8,2,2025,11/5/25,37.5,Female,19,,Elise Bernstein,elisebee,Verified,11/7/25,gpugesek,,Bumble Bee Atlas,,Website,FALSE,Monarda fistulosa,,native,samplingProtocol,"https://www.bumblebeewatch.org/media/2025/11/06/cb1d7252346843dc88b276f1b0304449.jpg, https://www.bumblebeewatch.org/media/2025/11/06/85c664c2aac540a88852eaa33ad9f02b.jpg, https://www.bumblebeewatch.org/media/2025/11/06/f2639f44a5b64aeeb026a1807358541b.jpg, https://www.bumblebeewatch.org/media/2025/11/06/0a8b9399e02e47a9bd9a5b12f17737cd.jpg",,,https://www.bumblebeewatch.org/sightings/bee/267389/,present,https://www.bumblebeewatch.org/metadata/
267393,145752,Animalia,Apidae,Bombus,griseocollis,Brown-belted bumble bee,Wakan Tipi,WGS 84,44.9532,-93.075,Minnesota,United States,8/2/25,8,2,2025,11/5/25,37.5,Male,1,,Elise Bernstein,elisebee,Verified,11/6/25,gpugesek,,Bumble Bee Atlas,,Website,FALSE,Monarda fistulosa,,native,samplingProtocol,"https://www.bumblebeewatch.org/media/2025/11/06/846f783945f34d85a1ee8ab3fe27d60f.jpg, https://www.bumblebeewatch.org/media/2025/11/06/43b9d1e02a884f2d9eb23cfcfeceb782.jpg, https://www.bumblebeewatch.org/media/2025/11/06/7550a942c0bf41fbbf430b7ee1486a88.jpg, https://www.bumblebeewatch.org/media/2025/11/06/32b17824c2a54f0dbf7455178b618e55.jpg, https://www.bumblebeewatch.org/media/2025/11/06/e010d3241dd24cca9bd2e956ce41109a.jpg",,,https://www.bumblebeewatch.org/sightings/bee/267393/,present,https://www.bumblebeewatch.org/metadata/
267394,145752,Animalia,Apidae,Bombus,impatiens,Common eastern bumble bee,Wakan Tipi,WGS 84,44.9532,-93.075,Minnesota,United States,8/2/25,8,2,2025,11/5/25,37.5,Worker,17,,Elise Bernstein,elisebee,Verified,11/7/25,gpugesek,,Bumble Bee Atlas,,Website,FALSE,Monarda fistulosa,,native,samplingProtocol,"https://www.bumblebeewatch.org/media/2025/11/06/991a0920aa5b4c4a800e8e546aacb03f.jpg, https://www.bumblebeewatch.org/media/2025/11/06/2128509a31d743d5890d6fcaba3634c6.jpg, https://www.bumblebeewatch.org/media/2025/11/06/87ce71954eb747e7af5065fffd858967.jpg, https://www.bumblebeewatch.org/media/2025/11/06/e55d76711908400c9233ae4ffb54e9fd.jpg",,,https://www.bumblebeewatch.org/sightings/bee/267394/,present,https://www.bumblebeewatch.org/metadata/
267401,145752,Animalia,Apidae,Bombus,bimaculatus,Two-spotted bumble bee,Wakan Tipi,WGS 84,44.9532,-93.075,Minnesota,United States,8/2/25,8,2,2025,11/5/25,37.5,Male,2,,Elise Bernstein,elisebee,Verified,11/7/25,gpugesek,,Bumble Bee Atlas,,Website,FALSE,Monarda fistulosa,,native,samplingProtocol,"https://www.bumblebeewatch.org/media/2025/11/06/b4d84a6f122448de84f2c5dcbb78099e.jpg, https://www.bumblebeewatch.org/media/2025/11/06/17edd4087b0b4f18bd2e8db11431f6fd.jpg, https://www.bumblebeewatch.org/media/2025/11/06/bf08224410cf4005907782c0886b8927.jpg, https://www.bumblebeewatch.org/media/2025/11/06/cab7d4cd5fa54c7e8563fd41bf5c503e.jpg, https://www.bumblebeewatch.org/media/2025/11/06/e4c7fcfdc89142c58d44e3a5c0734e14.jpg",,,https://www.bumblebeewatch.org/sightings/bee/267401/,present,https://www.bumblebeewatch.org/metadata/
267400,145752,Animalia,Apidae,Bombus,impatiens,Common eastern bumble bee,Wakan Tipi,WGS 84,44.9532,-93.075,Minnesota,United States,8/2/25,8,2,2025,11/5/25,37.5,Male,1,,Elise Bernstein,elisebee,Verified,11/7/25,gpugesek,,Bumble Bee Atlas,,Website,FALSE,Monarda fistulosa,,native,samplingProtocol,"https://www.bumblebeewatch.org/media/2025/11/06/d5af1a6d57c74adca21e3bd46197e4e6.jpg, https://www.bumblebeewatch.org/media/2025/11/06/d271da0480294b1bb30f5edae0486a8d.jpg, https://www.bumblebeewatch.org/media/2025/11/06/91cb8e86ec7c43a09f318d099cb29cf6.jpg, https://www.bumblebeewatch.org/media/2025/11/06/10703b42664140aaa0743e7e082359db.jpg",,,https://www.bumblebeewatch.org/sightings/bee/267400/,present,https://www.bumblebeewatch.org/metadata/
267399,145752,Animalia,Apidae,Bombus,bimaculatus,Two-spotted bumble bee,Wakan Tipi,WGS 84,44.9532,-93.075,Minnesota,United States,8/2/25,8,2,2025,11/5/25,37.5,Worker,1,,Elise Bernstein,elisebee,Verified,11/7/25,gpugesek,,Bumble Bee Atlas,,Website,FALSE,Monarda fistulosa,,native,samplingProtocol,"https://www.bumblebeewatch.org/media/2025/11/06/fe3d2d5baedc430690787b7cdf99c0f8.jpg, https://www.bumblebeewatch.org/media/2025/11/06/b0c4520efa6b4add862a575b01410af4.jpg, https://www.bumblebeewatch.org/media/2025/11/06/003fe03a660d4be7b55726aed0772576.jpg, https://www.bumblebeewatch.org/media/2025/11/06/f0b9772cbdf9444cadd8c863cb408a84.jpg, https://www.bumblebeewatch.org/media/2025/11/06/d7c3cac97fd64a62877113fc58b21f7c.jpg",,,https://www.bumblebeewatch.org/sightings/bee/267399/,present,https://www.bumblebeewatch.org/metadata/
267340,140196,Animalia,Apidae,Bombus,bimaculatus,Two-spotted bumble bee,Wakan Tipi,WGS 84,44.9532,-93.075,Minnesota,United States,7/28/25,7,28,2025,8/4/25,12.5,Worker,3,,Elise Bernstein,elisebee,Verified,11/7/25,gpugesek,,Bumble Bee Atlas,,Website,FALSE,Monarda fistulosa,,native,samplingProtocol,"https://www.bumblebeewatch.org/media/2025/11/04/7150de14dab04a4197d5aed3984f8448.jpg, https://www.bumblebeewatch.org/media/2025/11/04/26abb96e4b9a4c0a932fc1e90f895837.jpg, https://www.bumblebeewatch.org/media/2025/11/04/08a0e913d24341cb95e4c5e614a7d75e.jpg, https://www.bumblebeewatch.org/media/2025/11/04/869a6bc20ccf4e2cadc10504cbf96906.jpg, https://www.bumblebeewatch.org/media/2025/11/04/62f933e5cee7450cacc2e71d3d62d904.jpg, https://www.bumblebeewatch.org/media/2025/11/04/b607280eb33b4a28a53c8b7c9906500f.jpg",,,https://www.bumblebeewatch.org/sightings/bee/267340/,present,https://www.bumblebeewatch.org/metadata/
267337,140196,Animalia,Apidae,Bombus,impatiens,Common eastern bumble bee,Wakan Tipi,WGS 84,44.9532,-93.075,Minnesota,United States,7/28/25,7,28,2025,8/4/25,12.5,Worker,17,,Elise Bernstein,elisebee,Verified,11/7/25,gpugesek,,Bumble Bee Atlas,,Website,FALSE,Monarda fistulosa,,native,samplingProtocol,"https://www.bumblebeewatch.org/media/2025/11/04/dbb3bb137f0848a8b256217c35b837ba.jpg, https://www.bumblebeewatch.org/media/2025/11/04/0289e11f9ce8459d82c73ae47307325d.jpg, https://www.bumblebeewatch.org/media/2025/11/04/f057f04986934eebb1f9f20d9c6f8dc5.jpg, https://www.bumblebeewatch.org/media/2025/11/04/dbf41e72213d498eb50afe9d570861ad.jpg",,,https://www.bumblebeewatch.org/sightings/bee/267337/,present,https://www.bumblebeewatch.org/metadata/
267336,140196,Animalia,Apidae,Bombus,auricomus,Black and gold bumble bee,Wakan Tipi,WGS 84,44.9532,-93.075,Minnesota,United States,7/28/25,7,28,2025,8/4/25,12.5,Female,23,,Elise Bernstein,elisebee,Verified,11/7/25,gpugesek,,Bumble Bee Atlas,,Website,FALSE,Monarda fistulosa,,native,samplingProtocol,"https://www.bumblebeewatch.org/media/2025/11/04/28859b192c1d4611b55e5a365b0c43ac.jpg, https://www.bumblebeewatch.org/media/2025/11/04/2bb1cf2efcef439d816e5e41b052ae49.jpg, https://www.bumblebeewatch.org/media/2025/11/04/c1cd4f5f686f499987dd902441de4714.jpg, https://www.bumblebeewatch.org/media/2025/11/04/cc579257f6eb47e98bbf1dde56487eaa.jpg",,,https://www.bumblebeewatch.org/sightings/bee/267336/,present,https://www.bumblebeewatch.org/metadata/
267416,140196,Animalia,Apidae,Bombus,griseocollis,Brown-belted bumble bee,Wakan Tipi,WGS 84,44.9532,-93.075,Minnesota,United States,7/28/25,7,28,2025,8/4/25,12.5,Worker,2,,Elise Bernstein,elisebee,Verified,11/6/25,gpugesek,,Bumble Bee Atlas,,Website,FALSE,Monarda fistulosa,,native,samplingProtocol,"https://www.bumblebeewatch.org/media/2025/11/06/4e052b8f7513423098f2f325d786302d.jpg, https://www.bumblebeewatch.org/media/2025/11/06/96be311e71a049e9bc3d62dd8a0cfb44.jpg, https://www.bumblebeewatch.org/media/2025/11/06/f5b70336da33434c88b7ab3b8921e2a3.jpg",,,https://www.bumblebeewatch.org/sightings/bee/267416/,present,https://www.bumblebeewatch.org/metadata/
267355,140188,Animalia,Apidae,Bombus,auricomus,Black and gold bumble bee,Wakan Tipi,WGS 84,44.9532,-93.075,Minnesota,United States,7/15/25,7,15,2025,8/4/25,12.5,Female,10,,Elise Bernstein,elisebee,Verified,11/7/25,gpugesek,,Bumble Bee Atlas,,Website,FALSE,Monarda fistulosa,,native,samplingProtocol,"https://www.bumblebeewatch.org/media/2025/11/05/ce78c0a4dee34694b6a7fbc03b42377c.jpg, https://www.bumblebeewatch.org/media/2025/11/05/49250c69671a4a7285d76bb105c169f1.jpg, https://www.bumblebeewatch.org/media/2025/11/05/24638d101b4440e8b8e526aa814afabe.jpg, https://www.bumblebeewatch.org/media/2025/11/05/81296c00a6bb49f9acf81a31cc2fbe90.jpg, https://www.bumblebeewatch.org/media/2025/11/05/7dc242fa24144833bce4137630666b25.jpg, https://www.bumblebeewatch.org/media/2025/11/05/b072718e4058455b9b7401d9e1a68384.jpg",,,https://www.bumblebeewatch.org/sightings/bee/267355/,present,https://www.bumblebeewatch.org/metadata/
267382,140188,Animalia,Apidae,Bombus,griseocollis,Brown-belted bumble bee,Wakan Tipi,WGS 84,44.9532,-93.075,Minnesota,United States,7/15/25,7,15,2025,8/4/25,12.5,Worker,6,,Elise Bernstein,elisebee,Verified,11/6/25,gpugesek,,Bumble Bee Atlas,,Website,FALSE,Monarda fistulosa,,native,samplingProtocol,"https://www.bumblebeewatch.org/media/2025/11/05/ea1f277d53f9412db2aa37c9396176fa.jpg, https://www.bumblebeewatch.org/media/2025/11/05/5c8ac12dbd4346cfaed80498e8c2cf9b.jpg, https://www.bumblebeewatch.org/media/2025/11/05/6fbef488ddf74506bac177b440e8a125.jpg, https://www.bumblebeewatch.org/media/2025/11/05/9269d02731004b0e8849671ee8a6a4cc.jpg, https://www.bumblebeewatch.org/media/2025/11/05/aff96b403abd4689b10724500567b4c1.jpg, https://www.bumblebeewatch.org/media/2025/11/05/59d069361d8e4d638818065f81642487.jpg",,,https://www.bumblebeewatch.org/sightings/bee/267382/,present,https://www.bumblebeewatch.org/metadata/
267371,140188,Animalia,Apidae,Bombus,impatiens,Common eastern bumble bee,Wakan Tipi,WGS 84,44.9532,-93.075,Minnesota,United States,7/15/25,7,15,2025,8/4/25,12.5,Worker,32,,Elise Bernstein,elisebee,Verified,11/7/25,gpugesek,,Bumble Bee Atlas,,Website,FALSE,Monarda fistulosa,,native,samplingProtocol,"https://www.bumblebeewatch.org/media/2025/11/05/616116e7f2134dfaa4d4e49f16917fcb.jpg, https://www.bumblebeewatch.org/media/2025/11/05/35c8f7c38dd04e3f87b2c62371cc742f.jpg, https://www.bumblebeewatch.org/media/2025/11/05/5e914f8c9aa54c2ca7673fae766f44e2.jpg, https://www.bumblebeewatch.org/media/2025/11/05/cf3d0c66540e4729b18c0253c4b304e9.jpg, https://www.bumblebeewatch.org/media/2025/11/05/0d0609af5e894a50825e5a176cd27660.jpg",,,https://www.bumblebeewatch.org/sightings/bee/267371/,present,https://www.bumblebeewatch.org/metadata/
267368,140188,Animalia,Apidae,Bombus,bimaculatus,Two-spotted bumble bee,Wakan Tipi,WGS 84,44.9532,-93.075,Minnesota,United States,7/15/25,7,15,2025,8/4/25,12.5,Worker,22,,Elise Bernstein,elisebee,Verified,11/7/25,gpugesek,,Bumble Bee Atlas,,Website,FALSE,Monarda fistulosa,,native,samplingProtocol,"https://www.bumblebeewatch.org/media/2025/11/05/48aefa68fbbc4793b9c4af1c5e7c8b36.jpg, https://www.bumblebeewatch.org/media/2025/11/05/e13a8a0497994d4cb7dfca5833adca0f.jpg, https://www.bumblebeewatch.org/media/2025/11/05/86f3ccc9be134dba8661035acfbf7327.jpg, https://www.bumblebeewatch.org/media/2025/11/05/b5313f57c9e34a69831f9d15cd015871.jpg",,,https://www.bumblebeewatch.org/sightings/bee/267368/,present,https://www.bumblebeewatch.org/metadata/
267364,140188,Animalia,Apidae,Bombus,griseocollis,Brown-belted bumble bee,Wakan Tipi,WGS 84,44.9532,-93.075,Minnesota,United States,7/15/25,7,15,2025,8/4/25,12.5,Male,1,,Elise Bernstein,elisebee,Verified,11/6/25,gpugesek,,Bumble Bee Atlas,,Website,FALSE,Monarda fistulosa,,native,samplingProtocol,"https://www.bumblebeewatch.org/media/2025/11/05/9c2c90b0c4994a6981c5bbaeafefa50b.jpg, https://www.bumblebeewatch.org/media/2025/11/05/e248d8ac31324cd48bce5433e33bd7f4.jpg, https://www.bumblebeewatch.org/media/2025/11/05/fdb1e7d7fe2c47c2a2c7c8bafdc74631.jpg, https://www.bumblebeewatch.org/media/2025/11/05/0e3e49afe83d408883c0282e78dc27e5.jpg, https://www.bumblebeewatch.org/media/2025/11/05/0c4d6b38a0914301a9eb2516d7cc529b.jpg, https://www.bumblebeewatch.org/media/2025/11/05/76f8fee3c3b340bbac16f08ff9c07604.jpg",,,https://www.bumblebeewatch.org/sightings/bee/267364/,present,https://www.bumblebeewatch.org/metadata/
267362,140188,Animalia,Apidae,Bombus,bimaculatus,Two-spotted bumble bee,Wakan Tipi,WGS 84,44.9532,-93.075,Minnesota,United States,7/15/25,7,15,2025,8/4/25,12.5,Male,3,,Elise Bernstein,elisebee,Verified,11/7/25,gpugesek,,Bumble Bee Atlas,,Website,FALSE,Monarda fistulosa,,native,samplingProtocol,"https://www.bumblebeewatch.org/media/2025/11/05/4a1f88871d194b2abc8bc6979f13fb0f.jpg, https://www.bumblebeewatch.org/media/2025/11/05/3864ebaeca4f4cea971353b202560d01.jpg, https://www.bumblebeewatch.org/media/2025/11/05/7a667637707b400fa7c586a768774dcd.jpg, https://www.bumblebeewatch.org/media/2025/11/05/749cef10dfae4d429aa45fe3fd35558a.jpg, https://www.bumblebeewatch.org/media/2025/11/05/0d08ad8e0317447a93dc818e153bc0d7.jpg, https://www.bumblebeewatch.org/media/2025/11/05/b1873e9bd8b8415eb610d7edef8fab02.jpg",,,https://www.bumblebeewatch.org/sightings/bee/267362/,present,https://www.bumblebeewatch.org/metadata/
207628,129972,Animalia,Apidae,Bombus,auricomus,Black and gold bumble bee,Wakan Tipi,WGS 84,44.9532,-93.075,Minnesota,United States,7/31/24,7,31,2024,9/3/24,75,Worker,1,,Elise Bernstein,elisebee,Verified,12/6/24,elisebee,UMN Bee Lab,Bumble Bee Atlas,,Website,FALSE,Monarda fistulosa,,native,samplingProtocol,"https://www.bumblebeewatch.org/media/bees/big/P7311872.JPG, https://www.bumblebeewatch.org/media/bees/big/P7311874.JPG, https://www.bumblebeewatch.org/media/bees/big/P7311882.JPG, https://www.bumblebeewatch.org/media/bees/big/P7311884.JPG, https://www.bumblebeewatch.org/media/bees/big/P7311875.JPG",,18,https://www.bumblebeewatch.org/sightings/bee/207628/,present,https://www.bumblebeewatch.org/metadata/
207627,129972,Animalia,Apidae,Bombus,auricomus,Black and gold bumble bee,Wakan Tipi,WGS 84,44.9532,-93.075,Minnesota,United States,7/31/24,7,31,2024,9/3/24,75,Female,1,,Elise Bernstein,elisebee,Verified,10/22/24,gpugesek,GP,Bumble Bee Atlas,,Website,FALSE,Monarda fistulosa,,native,samplingProtocol,"https://www.bumblebeewatch.org/media/bees/big/P7311867.JPG, https://www.bumblebeewatch.org/media/bees/big/P7311866.JPG, https://www.bumblebeewatch.org/media/bees/big/P7311865.JPG, https://www.bumblebeewatch.org/media/bees/big/P7311864.JPG, https://www.bumblebeewatch.org/media/bees/big/P7311868.JPG",,17,https://www.bumblebeewatch.org/sightings/bee/207627/,present,https://www.bumblebeewatch.org/metadata/
207622,129972,Animalia,Apidae,Bombus,bimaculatus,Two-spotted bumble bee,Wakan Tipi,WGS 84,44.9532,-93.075,Minnesota,United States,7/31/24,7,31,2024,9/3/24,75,Female,3,,Elise Bernstein,elisebee,Verified,10/22/24,gpugesek,GP,Bumble Bee Atlas,,Website,FALSE,Monarda fistulosa,,native,samplingProtocol,"https://www.bumblebeewatch.org/media/bees/big/P7311830.JPG, https://www.bumblebeewatch.org/media/bees/big/P7311826.JPG, https://www.bumblebeewatch.org/media/bees/big/P7311831.JPG, https://www.bumblebeewatch.org/media/bees/big/P7311825.JPG, https://www.bumblebeewatch.org/media/bees/big/P7311827.JPG",,12,https://www.bumblebeewatch.org/sightings/bee/207622/,present,https://www.bumblebeewatch.org/metadata/
207621,129972,Animalia,Apidae,Bombus,griseocollis,Brown-belted bumble bee,Wakan Tipi,WGS 84,44.9532,-93.075,Minnesota,United States,7/31/24,7,31,2024,9/3/24,75,Worker,2,,Elise Bernstein,elisebee,Verified,10/22/24,gpugesek,GP,Bumble Bee Atlas,,Website,FALSE,Monarda fistulosa,,native,samplingProtocol,"https://www.bumblebeewatch.org/media/bees/big/P7311822.JPG, https://www.bumblebeewatch.org/media/bees/big/P7311820.JPG, https://www.bumblebeewatch.org/media/bees/big/P7311821.JPG, https://www.bumblebeewatch.org/media/bees/big/P7311823.JPG, https://www.bumblebeewatch.org/media/bees/big/P7311819.JPG",,11,https://www.bumblebeewatch.org/sightings/bee/207621/,present,https://www.bumblebeewatch.org/metadata/
207620,129972,Animalia,Apidae,Bombus,bimaculatus,Two-spotted bumble bee,Wakan Tipi,WGS 84,44.9532,-93.075,Minnesota,United States,7/31/24,7,31,2024,9/3/24,75,Worker,2,,Elise Bernstein,elisebee,Verified,10/22/24,gpugesek,GP,Bumble Bee Atlas,,Website,FALSE,Monarda fistulosa,,native,samplingProtocol,"https://www.bumblebeewatch.org/media/bees/big/P7311807.JPG, https://www.bumblebeewatch.org/media/bees/big/P7311806.JPG, https://www.bumblebeewatch.org/media/bees/big/P7311810.JPG, https://www.bumblebeewatch.org/media/bees/big/P7311805.JPG, https://www.bumblebeewatch.org/media/bees/big/P7311808.JPG",,9,https://www.bumblebeewatch.org/sightings/bee/207620/,present,https://www.bumblebeewatch.org/metadata/
207618,129972,Animalia,Apidae,Bombus,fervidus (incl. californicus),Yellow bumble bee,Wakan Tipi,WGS 84,44.9532,-93.075,Minnesota,United States,7/31/24,7,31,2024,9/3/24,75,Worker,1,,Elise Bernstein,elisebee,Verified,10/22/24,gpugesek,GP,Bumble Bee Atlas,,Website,FALSE,Monarda fistulosa,,native,samplingProtocol,"https://www.bumblebeewatch.org/media/bees/big/P7311800.JPG, https://www.bumblebeewatch.org/media/bees/big/P7311803.JPG, https://www.bumblebeewatch.org/media/bees/big/P7311799.JPG, https://www.bumblebeewatch.org/media/bees/big/P7311801.JPG, https://www.bumblebeewatch.org/media/bees/big/P7311795.JPG",,8,https://www.bumblebeewatch.org/sightings/bee/207618/,present,https://www.bumblebeewatch.org/metadata/
207614,129972,Animalia,Apidae,Bombus,griseocollis,Brown-belted bumble bee,Wakan Tipi,WGS 84,44.9532,-93.075,Minnesota,United States,7/31/24,7,31,2024,9/3/24,75,Male,2,,Elise Bernstein,elisebee,Verified,10/22/24,gpugesek,GP,Bumble Bee Atlas,,Website,FALSE,Monarda fistulosa,,native,samplingProtocol,"https://www.bumblebeewatch.org/media/bees/big/P7311814.JPG, https://www.bumblebeewatch.org/media/bees/big/P7311815.JPG, https://www.bumblebeewatch.org/media/bees/big/P7311813.JPG, https://www.bumblebeewatch.org/media/bees/big/P7311817.JPG, https://www.bumblebeewatch.org/media/bees/big/P7311816.JPG",,10,https://www.bumblebeewatch.org/sightings/bee/207614/,present,https://www.bumblebeewatch.org/metadata/
207612,129972,Animalia,Apidae,Bombus,impatiens,Common eastern bumble bee,Wakan Tipi,WGS 84,44.9532,-93.075,Minnesota,United States,7/31/24,7,31,2024,9/3/24,75,Worker,13,,Elise Bernstein,elisebee,Verified,10/22/24,gpugesek,GP,Bumble Bee Atlas,,Website,FALSE,Monarda fistulosa,,native,samplingProtocol,"https://www.bumblebeewatch.org/media/bees/big/P7311793.JPG, https://www.bumblebeewatch.org/media/bees/big/P7311792.JPG, https://www.bumblebeewatch.org/media/bees/big/P7311789.JPG, https://www.bumblebeewatch.org/media/bees/big/P7311791.JPG, https://www.bumblebeewatch.org/media/bees/big/P7311790.JPG",,7,https://www.bumblebeewatch.org/sightings/bee/207612/,present,https://www.bumblebeewatch.org/metadata/
207610,129972,Animalia,Apidae,Bombus,auricomus,Black and gold bumble bee,Wakan Tipi,WGS 84,44.9532,-93.075,Minnesota,United States,7/31/24,7,31,2024,9/3/24,75,Female,13,,Elise Bernstein,elisebee,Verified,10/22/24,gpugesek,GP,Bumble Bee Atlas,,Website,FALSE,Monarda fistulosa,,native,samplingProtocol,"https://www.bumblebeewatch.org/media/bees/big/P7311774.JPG, https://www.bumblebeewatch.org/media/bees/big/P7311771.JPG, https://www.bumblebeewatch.org/media/bees/big/P7311772.JPG, https://www.bumblebeewatch.org/media/bees/big/P7311773.JPG",,4,https://www.bumblebeewatch.org/sightings/bee/207610/,present,https://www.bumblebeewatch.org/metadata/
145017,112698,Animalia,Apidae,Bombus,impatiens,Common eastern bumble bee,Wakan Tipi,WGS 84,44.919308,-93.069633,Minnesota,United States,7/11/23,7,11,2023,7/11/23,37.5,Worker,5,,Elaine Evans,fuzzybumblebee,Verified,7/13/23,fuzzybumblebee,EEVans Same photo used for mutiple sightings of different individuals for same species at same site,OLD_MNBBA,,Website,FALSE,Monarda fistulosa,,native,samplingProtocol,"https://www.bumblebeewatch.org/media/bees/big/e73e7eb5-7ef9-4eea-88fe-0d72b3cb24f7.jpg, https://www.bumblebeewatch.org/media/bees/big/a5cab78e-2d17-4753-93a8-7bc73ba0b11d.jpg, https://www.bumblebeewatch.org/media/bees/big/5cda14c0-fd9c-47c8-bf6f-544767346bdb.jpg",,,https://www.bumblebeewatch.org/sightings/bee/145017/,present,https://www.bumblebeewatch.org/metadata/
145016,112698,Animalia,Apidae,Bombus,auricomus,Black and gold bumble bee,Wakan Tipi,WGS 84,44.919308,-93.069633,Minnesota,United States,7/11/23,7,11,2023,7/11/23,37.5,Worker,12,,Elaine Evans,fuzzybumblebee,Verified,7/13/23,fuzzybumblebee,EEVans Same photo used for mutiple sightings of different individuals for same species at same site,OLD_MNBBA,,Website,FALSE,Monarda fistulosa,,native,samplingProtocol,"https://www.bumblebeewatch.org/media/bees/big/ba09a0a8-9561-458c-b4dd-cbf03b60062f.jpg, https://www.bumblebeewatch.org/media/bees/big/00cecad4-87de-4dac-b401-ce921c901b9e.jpg, https://www.bumblebeewatch.org/media/bees/big/1115e9b3-3725-47e5-85bc-d4e55fae3599.jpg, https://www.bumblebeewatch.org/media/bees/big/4f67b30d-eb07-424a-8947-51146dd47a02.jpg, https://www.bumblebeewatch.org/media/bees/big/e4b25029-7528-4631-916e-4ecd868bd475.jpg",,,https://www.bumblebeewatch.org/sightings/bee/145016/,present,https://www.bumblebeewatch.org/metadata/
267405,145757,Animalia,Apidae,Bombus,impatiens,Common eastern bumble bee,Wakan Tipi,WGS 84,44.9532,-93.075,Minnesota,United States,8/18/25,8,18,2025,11/6/25,37.5,Worker,1,,Elise Bernstein,elisebee,Verified,11/7/25,gpugesek,,Bumble Bee Atlas,,Website,FALSE,Nepeta cataria,,non-native,samplingProtocol,"https://www.bumblebeewatch.org/media/2025/11/06/287d81c0d0ca4ac485a01845021c4fb5.jpg, https://www.bumblebeewatch.org/media/2025/11/06/594f7af9f5d443638e06500179e83e5d.jpg, https://www.bumblebeewatch.org/media/2025/11/06/97f33f6d8f724cb3835a047322b79473.jpg",,,https://www.bumblebeewatch.org/sightings/bee/267405/,present,https://www.bumblebeewatch.org/metadata/
267358,140188,Animalia,Apidae,Bombus,bimaculatus,Two-spotted bumble bee,Wakan Tipi,WGS 84,44.9532,-93.075,Minnesota,United States,7/15/25,7,15,2025,8/4/25,12.5,Worker,1,,Elise Bernstein,elisebee,Verified,11/7/25,gpugesek,,Bumble Bee Atlas,,Website,FALSE,Nepeta cataria,,non-native,samplingProtocol,"https://www.bumblebeewatch.org/media/2025/11/05/761829794e584e4f92a81709e488ae56.jpg, https://www.bumblebeewatch.org/media/2025/11/05/8158d17913c1433eaf26e469cee9adc7.jpg, https://www.bumblebeewatch.org/media/2025/11/05/b2d70244b4944f0092dcd500065dcd26.jpg, https://www.bumblebeewatch.org/media/2025/11/05/a35eda02e9594a8babe9111748b791e1.jpg, https://www.bumblebeewatch.org/media/2025/11/05/64884df16afa41b09b2aaffe0a2b7232.jpg",,,https://www.bumblebeewatch.org/sightings/bee/267358/,present,https://www.bumblebeewatch.org/metadata/
121357,104174,Animalia,Apidae,Bombus,impatiens,Common eastern bumble bee,Wakan Tipi,WGS 84,44.919308,-93.069633,Minnesota,United States,8/8/22,8,8,2022,8/8/22,75,Female,1,,Elaine Evans,fuzzybumblebee,Verified,8/10/22,fuzzybumblebee,EEvans,OLD_MNBBA,,Website,FALSE,Pycnanthemum virginianum,,native,samplingProtocol,"https://www.bumblebeewatch.org/media/bees/big/bc8c34dc-c092-408b-937f-123150520121.jpg, https://www.bumblebeewatch.org/media/bees/big/c26967f8-b936-4f56-b7a5-00c0ce395fc1.jpg",1,,https://www.bumblebeewatch.org/sightings/bee/121357/,present,https://www.bumblebeewatch.org/metadata/
159410,116328,Animalia,Apidae,Bombus,impatiens,Common eastern bumble bee,"Wakan Tipi, wetland area",WGS 84,44.9532,-93.075,Minnesota,United States,8/11/23,8,11,2023,8/21/23,37.5,Worker,1,,Elise Bernstein,elisebee,Verified,9/22/23,fuzzybumblebee,EEvans Same photo used for mulitple specimens. ID onsight by EBernstein,OLD_MNBBA,,Website,FALSE,Securigera varia,,non-native,samplingProtocol,"https://www.bumblebeewatch.org/media/bees/big/fb444ad6-4395-4205-a1ff-bcbb45a95c96.jpg, https://www.bumblebeewatch.org/media/bees/big/54a72b8a-1fd6-4c22-9a32-e7df3fd3821c.jpg, https://www.bumblebeewatch.org/media/bees/big/dc910f8c-affd-4562-818f-c482ae3aac73.jpg",1,,https://www.bumblebeewatch.org/sightings/bee/159410/,present,https://www.bumblebeewatch.org/metadata/
267418,140196,Animalia,Apidae,Bombus,impatiens,Common eastern bumble bee,Wakan Tipi,WGS 84,44.9532,-93.075,Minnesota,United States,7/28/25,7,28,2025,8/4/25,12.5,Worker,1,,Elise Bernstein,elisebee,Verified,11/7/25,gpugesek,,Bumble Bee Atlas,,Website,FALSE,Securigera varia,,non-native,samplingProtocol,"https://www.bumblebeewatch.org/media/2025/11/06/c749ea4d850d4d73a255c00433658af0.jpg, https://www.bumblebeewatch.org/media/2025/11/06/a4edd0aa71c64181a7e3ac8d4270f9b7.jpg, https://www.bumblebeewatch.org/media/2025/11/06/dad913b45f4e40a0a533444576a1f490.jpg",,,https://www.bumblebeewatch.org/sightings/bee/267418/,present,https://www.bumblebeewatch.org/metadata/
145019,112698,Animalia,Apidae,Bombus,bimaculatus,Two-spotted bumble bee,Wakan Tipi,WGS 84,44.919308,-93.069633,Minnesota,United States,7/11/23,7,11,2023,7/11/23,37.5,Worker,1,,Elaine Evans,fuzzybumblebee,Verified,7/13/23,fuzzybumblebee,EEVans Same photo used for mutiple sightings of different individuals for same species at same site,OLD_MNBBA,,Website,FALSE,Securigera varia,,non-native,samplingProtocol,"https://www.bumblebeewatch.org/media/bees/big/689dcd44-4324-44d3-9a56-367f0d5e2df0.jpg, https://www.bumblebeewatch.org/media/bees/big/f7e67b38-f072-4e45-9c86-6de5f56adbd5.jpg, https://www.bumblebeewatch.org/media/bees/big/a8ea1ddc-bba7-4fe7-a24e-f22d3af18657.jpg",,,https://www.bumblebeewatch.org/sightings/bee/145019/,present,https://www.bumblebeewatch.org/metadata/
145018,112698,Animalia,Apidae,Bombus,auricomus,Black and gold bumble bee,Wakan Tipi,WGS 84,44.919308,-93.069633,Minnesota,United States,7/11/23,7,11,2023,7/11/23,37.5,Worker,16,,Elaine Evans,fuzzybumblebee,Verified,7/13/23,fuzzybumblebee,EEVans Same photo used for mutiple sightings of different individuals for same species at same site,OLD_MNBBA,,Website,FALSE,Securigera varia,,non-native,samplingProtocol,"https://www.bumblebeewatch.org/media/bees/big/736c4087-8326-4711-a66d-0da0447014b8.jpg, https://www.bumblebeewatch.org/media/bees/big/15a7a9b4-e614-4b53-b5de-be48dada71ac.jpg, https://www.bumblebeewatch.org/media/bees/big/0a13f889-7552-471f-a2dd-ec7bf6ddaf8b.jpg, https://www.bumblebeewatch.org/media/bees/big/8c05f335-1fb6-41bd-ab43-8dd7f3c23c94.jpg, https://www.bumblebeewatch.org/media/bees/big/3b2a2bd4-1c8a-4f48-93ed-2ab0064e049f.jpg",,,https://www.bumblebeewatch.org/sightings/bee/145018/,present,https://www.bumblebeewatch.org/metadata/
140713,111406,Animalia,Apidae,Bombus,auricomus,Black and gold bumble bee,Wakan Tipi,WGS 84,44.919308,-93.069633,Minnesota,United States,6/22/23,6,22,2023,6/22/23,12.5,Worker,2,,Elaine Evans,fuzzybumblebee,Verified,6/26/23,fuzzybumblebee,EEvans,OLD_MNBBA,,Website,FALSE,Securigera varia,,non-native,samplingProtocol,"https://www.bumblebeewatch.org/media/bees/big/e1aff999-9c3b-4639-9d84-5d35c44e31b6.jpg, https://www.bumblebeewatch.org/media/bees/big/a824bc6d-3fdd-4106-ba62-9a05cebed061.jpg, https://www.bumblebeewatch.org/media/bees/big/d85a7088-37c3-4f25-9267-1d194ed5d10b.jpg, https://www.bumblebeewatch.org/media/bees/big/b29b8646-7497-456b-9d97-d9d3b76b2bf1.jpg",1,,https://www.bumblebeewatch.org/sightings/bee/140713/,present,https://www.bumblebeewatch.org/metadata/
140712,111406,Animalia,Apidae,Bombus,bimaculatus,Two-spotted bumble bee,Wakan Tipi,WGS 84,44.919308,-93.069633,Minnesota,United States,6/22/23,6,22,2023,6/22/23,12.5,Worker,1,,Elaine Evans,fuzzybumblebee,Verified,6/26/23,fuzzybumblebee,EEvans,OLD_MNBBA,,Website,FALSE,Securigera varia,,non-native,samplingProtocol,"https://www.bumblebeewatch.org/media/bees/big/d8222372-a912-4cf4-a876-24647b4becd2.jpg, https://www.bumblebeewatch.org/media/bees/big/f0c9ae02-a2b5-4119-ad4c-5f13409b5ac4.jpg, https://www.bumblebeewatch.org/media/bees/big/1bf8bcdc-8ad3-4b53-ae48-eb5ca7b57143.jpg, https://www.bumblebeewatch.org/media/bees/big/bf19f445-9956-43b0-a1b0-f1f5065a4683.jpg",1,,https://www.bumblebeewatch.org/sightings/bee/140712/,present,https://www.bumblebeewatch.org/metadata/
140711,111406,Animalia,Apidae,Bombus,griseocollis,Brown-belted bumble bee,Wakan Tipi,WGS 84,44.919308,-93.069633,Minnesota,United States,6/22/23,6,22,2023,6/22/23,12.5,Worker,8,,Elaine Evans,fuzzybumblebee,Verified,6/26/23,fuzzybumblebee,EEvans,OLD_MNBBA,,Website,FALSE,Securigera varia,,non-native,samplingProtocol,"https://www.bumblebeewatch.org/media/bees/big/cfed462a-cb05-487a-80f1-6313643281df.jpg, https://www.bumblebeewatch.org/media/bees/big/0f27ca3a-bb5e-4462-ba8a-2ffc28022076.jpg, https://www.bumblebeewatch.org/media/bees/big/84a72945-6547-4fe3-b47f-76018f90b077.jpg, https://www.bumblebeewatch.org/media/bees/big/94fb902f-757d-4365-aeb0-ed0a341752b0.jpg",1,,https://www.bumblebeewatch.org/sightings/bee/140711/,present,https://www.bumblebeewatch.org/metadata/
121359,104174,Animalia,Apidae,Bombus,impatiens,Common eastern bumble bee,Wakan Tipi,WGS 84,44.919308,-93.069633,Minnesota,United States,8/8/22,8,8,2022,8/8/22,75,Female,1,,Elaine Evans,fuzzybumblebee,Verified,8/10/22,fuzzybumblebee,EEvans,OLD_MNBBA,,Website,FALSE,Securigera varia,,non-native,samplingProtocol,"https://www.bumblebeewatch.org/media/bees/big/8ed996fd-b338-448f-93f8-60799c189aaf.jpg, https://www.bumblebeewatch.org/media/bees/big/f1727391-7f7f-43af-80b6-1b46c54ef789.jpg",1,,https://www.bumblebeewatch.org/sightings/bee/121359/,present,https://www.bumblebeewatch.org/metadata/
207597,129493,Animalia,Apidae,Bombus,impatiens,Common eastern bumble bee,Wakan Tipi,WGS 84,44.9532,-93.075,Minnesota,United States,8/21/24,8,21,2024,8/28/24,37.5,Male,1,,Elise Bernstein,elisebee,Verified,10/22/24,gpugesek,GP,Bumble Bee Atlas,,Website,FALSE,Silphium perfoliatum,,native,samplingProtocol,"https://www.bumblebeewatch.org/media/bees/big/IMG_1598_JsUlpYv.jpg, https://www.bumblebeewatch.org/media/bees/big/IMG_1596.jpg, https://www.bumblebeewatch.org/media/bees/big/IMG_1595.jpg, https://www.bumblebeewatch.org/media/bees/big/IMG_1597.jpg",,8,https://www.bumblebeewatch.org/sightings/bee/207597/,present,https://www.bumblebeewatch.org/metadata/
207433,129493,Animalia,Apidae,Bombus,griseocollis,Brown-belted bumble bee,Wakan Tipi,WGS 84,44.9532,-93.075,Minnesota,United States,8/21/24,8,21,2024,8/28/24,37.5,Male,1,,Elise Bernstein,elisebee,Verified,10/22/24,gpugesek,GP,Bumble Bee Atlas,,Website,FALSE,Silphium perfoliatum,,native,samplingProtocol,"https://www.bumblebeewatch.org/media/bees/big/IMG_1548_34Db8Az.jpg, https://www.bumblebeewatch.org/media/bees/big/IMG_1549.jpg, https://www.bumblebeewatch.org/media/bees/big/IMG_1552_JQjaLaq.jpg, https://www.bumblebeewatch.org/media/bees/big/IMG_1550_UUhkXx0.jpg, https://www.bumblebeewatch.org/media/bees/big/IMG_1551_Pgsl0GI.jpg",,2,https://www.bumblebeewatch.org/sightings/bee/207433/,present,https://www.bumblebeewatch.org/metadata/
207626,129972,Animalia,Apidae,Bombus,griseocollis,Brown-belted bumble bee,Wakan Tipi,WGS 84,44.9532,-93.075,Minnesota,United States,7/31/24,7,31,2024,9/3/24,75,Male,1,,Elise Bernstein,elisebee,Verified,10/22/24,gpugesek,GP,Bumble Bee Atlas,,Website,FALSE,Silphium perfoliatum,,native,samplingProtocol,"https://www.bumblebeewatch.org/media/bees/big/P7311861.JPG, https://www.bumblebeewatch.org/media/bees/big/P7311860.JPG, https://www.bumblebeewatch.org/media/bees/big/P7311859.JPG, https://www.bumblebeewatch.org/media/bees/big/P7311862.JPG",,16,https://www.bumblebeewatch.org/sightings/bee/207626/,present,https://www.bumblebeewatch.org/metadata/
128049,106176,Animalia,Apidae,Bombus,impatiens,Common eastern bumble bee,Wakan Tipi,WGS 84,44.919308,-93.069633,Minnesota,United States,9/2/22,9,2,2022,9/2/22,37.5,Female,1,,Elaine Evans,fuzzybumblebee,Verified,9/21/22,fuzzybumblebee,EEvans,OLD_MNBBA,,Website,FALSE,Silphium perfoliatum,,native,samplingProtocol,"https://www.bumblebeewatch.org/media/bees/big/6db3174c-780f-40fc-b476-3b2bffe82342.jpg, https://www.bumblebeewatch.org/media/bees/big/51ce1d49-c57d-4199-a600-665efd9013ca.jpg, https://www.bumblebeewatch.org/media/bees/big/d348b445-9917-41a0-8833-095a1a299135.jpg",1,,https://www.bumblebeewatch.org/sightings/bee/128049/,present,https://www.bumblebeewatch.org/metadata/
121362,104174,Animalia,Apidae,Bombus,griseocollis,Brown-belted bumble bee,Wakan Tipi,WGS 84,44.919308,-93.069633,Minnesota,United States,8/8/22,8,8,2022,8/8/22,75,Male,1,,Elaine Evans,fuzzybumblebee,Verified,8/12/22,fuzzybumblebee,EEvans.,OLD_MNBBA,,Website,FALSE,Silphium perfoliatum,,native,samplingProtocol,"https://www.bumblebeewatch.org/media/bees/big/78312ecd-f593-4bf6-95c2-cb8044c0426b.jpg, https://www.bumblebeewatch.org/media/bees/big/d49120a7-52cc-4604-9632-8f9e5f15940f.jpg, https://www.bumblebeewatch.org/media/bees/big/5590620a-b807-412b-b2cf-7de29f57b0f6.jpg, https://www.bumblebeewatch.org/media/bees/big/5e75b75c-b2c3-4c10-9de9-27c7e602f9c0.jpg",1,,https://www.bumblebeewatch.org/sightings/bee/121362/,present,https://www.bumblebeewatch.org/metadata/
121360,104174,Animalia,Apidae,Bombus,impatiens,Common eastern bumble bee,Wakan Tipi,WGS 84,44.919308,-93.069633,Minnesota,United States,8/8/22,8,8,2022,8/8/22,75,Female,2,,Elaine Evans,fuzzybumblebee,Verified,8/10/22,fuzzybumblebee,EEvans,OLD_MNBBA,,Website,FALSE,Silphium perfoliatum,,native,samplingProtocol,"https://www.bumblebeewatch.org/media/bees/big/61534f3e-c7ff-4327-bab0-499f845638fe.jpg, https://www.bumblebeewatch.org/media/bees/big/33486f76-fe98-49b1-a8a3-d6cf63e9b520.jpg, https://www.bumblebeewatch.org/media/bees/big/1c876bc2-2d5a-458f-8189-e75beb460bc2.jpg, https://www.bumblebeewatch.org/media/bees/big/3ef6c38b-2ec3-4e01-a07d-6934bed4b775.jpg",1,,https://www.bumblebeewatch.org/sightings/bee/121360/,present,https://www.bumblebeewatch.org/metadata/
205602,129493,Animalia,Apidae,Bombus,impatiens,Common eastern bumble bee,Wakan Tipi,WGS 84,44.9532,-93.075,Minnesota,United States,8/21/24,8,21,2024,8/28/24,37.5,Male,3,,Elise Bernstein,elisebee,Verified,10/22/24,gpugesek,GP,Bumble Bee Atlas,,Website,FALSE,Solidago canadensis,,native,samplingProtocol,"https://www.bumblebeewatch.org/media/bees/big/IMG_1543_TAhtH7r.jpg, https://www.bumblebeewatch.org/media/bees/big/IMG_1545_7ZzWwMc.jpg, https://www.bumblebeewatch.org/media/bees/big/IMG_1544_P7kWZ4J.jpg, https://www.bumblebeewatch.org/media/bees/big/IMG_1542.jpg, https://www.bumblebeewatch.org/media/bees/big/IMG_1546_GeYE8C6.jpg",,1,https://www.bumblebeewatch.org/sightings/bee/205602/,present,https://www.bumblebeewatch.org/metadata/
128050,106176,Animalia,Apidae,Bombus,impatiens,Common eastern bumble bee,Wakan Tipi,WGS 84,44.919308,-93.069633,Minnesota,United States,9/2/22,9,2,2022,9/2/22,37.5,Female,15,,Elaine Evans,fuzzybumblebee,Verified,9/21/22,fuzzybumblebee,EEvans,OLD_MNBBA,,Website,FALSE,Solidago canadensis,,native,samplingProtocol,"https://www.bumblebeewatch.org/media/bees/big/d5984ea8-2142-4894-9c64-cb10650671c8.jpg, https://www.bumblebeewatch.org/media/bees/big/c15cdb09-7e4e-411a-aaf5-0e67332655b7.jpg, https://www.bumblebeewatch.org/media/bees/big/0199357e-6c66-4c59-9930-d5d5ec733f0f.jpg, https://www.bumblebeewatch.org/media/bees/big/d883e0f2-fad7-445a-9a48-fcc0798f3f31.jpg",1,,https://www.bumblebeewatch.org/sightings/bee/128050/,present,https://www.bumblebeewatch.org/metadata/
267404,145757,Animalia,Apidae,Bombus,griseocollis,Brown-belted bumble bee,Wakan Tipi,WGS 84,44.9532,-93.075,Minnesota,United States,8/18/25,8,18,2025,11/6/25,37.5,Female,1,,Elise Bernstein,elisebee,Verified,11/6/25,gpugesek,,Bumble Bee Atlas,,Website,FALSE,Verbena hastata,,native,samplingProtocol,"https://www.bumblebeewatch.org/media/2025/11/06/21cec9ce44a2403193317a0b64bc933b.jpg, https://www.bumblebeewatch.org/media/2025/11/06/64d36dae1e314ada89068a5afecee1cc.jpg, https://www.bumblebeewatch.org/media/2025/11/06/2cc8a0b68a944aa9956cfe33f93e2c51.jpg",,,https://www.bumblebeewatch.org/sightings/bee/267404/,present,https://www.bumblebeewatch.org/metadata/
267408,145757,Animalia,Apidae,Bombus,impatiens,Common eastern bumble bee,Wakan Tipi,WGS 84,44.9532,-93.075,Minnesota,United States,8/18/25,8,18,2025,11/6/25,37.5,Female,7,,Elise Bernstein,elisebee,Verified,11/7/25,gpugesek,,Bumble Bee Atlas,,Website,FALSE,Verbena hastata,,native,samplingProtocol,"https://www.bumblebeewatch.org/media/2025/11/06/967fe5b0bade4925b7582eec7f9a282e.jpg, https://www.bumblebeewatch.org/media/2025/11/06/0d78c693739041a18c0f5371c3f1edde.jpg, https://www.bumblebeewatch.org/media/2025/11/06/79229a30a8e74ae9850131195d658c38.jpg",,,https://www.bumblebeewatch.org/sightings/bee/267408/,present,https://www.bumblebeewatch.org/metadata/
267413,145757,Animalia,Apidae,Bombus,impatiens,Common eastern bumble bee,Wakan Tipi,WGS 84,44.9532,-93.075,Minnesota,United States,8/18/25,8,18,2025,11/6/25,37.5,Male,1,,Elise Bernstein,elisebee,Verified,11/7/25,gpugesek,,Bumble Bee Atlas,,Website,FALSE,Verbena hastata,,native,samplingProtocol,"https://www.bumblebeewatch.org/media/2025/11/06/8beeab263ffc4963910eb0b2a485c4f7.jpg, https://www.bumblebeewatch.org/media/2025/11/06/3e656b95cea246df8fef9ec08327781c.jpg",,,https://www.bumblebeewatch.org/sightings/bee/267413/,present,https://www.bumblebeewatch.org/metadata/
159412,116328,Animalia,Apidae,Bombus,impatiens,Common eastern bumble bee,"Wakan Tipi, wetland area",WGS 84,44.9532,-93.075,Minnesota,United States,8/11/23,8,11,2023,8/21/23,37.5,Worker,10,,Elise Bernstein,elisebee,Verified,9/22/23,fuzzybumblebee,EEvans Same photo used for mulitple specimens. ID onsight by EBernstein,OLD_MNBBA,,Website,FALSE,Verbena stricta,,native,samplingProtocol,"https://www.bumblebeewatch.org/media/bees/big/9b9c6b83-e554-4bbb-9385-58c0e2b33cce.jpg, https://www.bumblebeewatch.org/media/bees/big/e55c87b4-5b31-4e20-b78e-cc005a9195ee.jpg, https://www.bumblebeewatch.org/media/bees/big/d6e3d39c-8733-4f7e-a074-909fbe64d8f2.jpg, https://www.bumblebeewatch.org/media/bees/big/49191642-8c4b-4a18-bd6e-d1b31e589991.jpg",1,,https://www.bumblebeewatch.org/sightings/bee/159412/,present,https://www.bumblebeewatch.org/metadata/
159414,116328,Animalia,Apidae,Bombus,vagans,Half-black bumble bee,"Wakan Tipi, wetland area",WGS 84,44.9532,-93.075,Minnesota,United States,8/11/23,8,11,2023,8/21/23,37.5,Worker,1,,Elise Bernstein,elisebee,Verified,9/22/23,fuzzybumblebee,EEvans Same photo used for mulitple specimens. ID onsight by EBernstein,OLD_MNBBA,,Website,FALSE,Verbena stricta,,native,samplingProtocol,"https://www.bumblebeewatch.org/media/bees/big/2474bd5d-e344-4abd-83c0-c6732f82f42f.jpg, https://www.bumblebeewatch.org/media/bees/big/d9425d9e-a52c-4609-a835-696d03047fe2.jpg, https://www.bumblebeewatch.org/media/bees/big/5e6e0ac0-c3a2-48c9-9f67-02d9d86294ed.jpg, https://www.bumblebeewatch.org/media/bees/big/bcd547ce-eedc-421d-a724-6e4d1b8faeb9.jpg",1,,https://www.bumblebeewatch.org/sightings/bee/159414/,present,https://www.bumblebeewatch.org/metadata/
159416,116328,Animalia,Apidae,Bombus,rufocinctus,Red-belted bumble bee,"Wakan Tipi, wetland area",WGS 84,44.9532,-93.075,Minnesota,United States,8/11/23,8,11,2023,8/21/23,37.5,Male,1,,Elise Bernstein,elisebee,Verified,9/22/23,fuzzybumblebee,EEvans Same photo used for mulitple specimens. ID onsight by EBernstein,OLD_MNBBA,,Website,FALSE,Verbena stricta,,native,samplingProtocol,"https://www.bumblebeewatch.org/media/bees/big/3866d30b-3202-41eb-a486-b3fa9f141ae0.jpg, https://www.bumblebeewatch.org/media/bees/big/2154e7fa-7022-4854-8d22-152101ce169b.jpg, https://www.bumblebeewatch.org/media/bees/big/23c38322-a018-462c-b747-e14c98802efa.jpg, https://www.bumblebeewatch.org/media/bees/big/2dca8b4c-9606-4c57-b47b-c1ae2c5edb04.jpg",1,,https://www.bumblebeewatch.org/sightings/bee/159416/,present,https://www.bumblebeewatch.org/metadata/
159415,116328,Animalia,Apidae,Bombus,auricomus,Black and gold bumble bee,"Wakan Tipi, wetland area",WGS 84,44.9532,-93.075,Minnesota,United States,8/11/23,8,11,2023,8/21/23,37.5,Male,1,,Elise Bernstein,elisebee,Verified,9/22/23,fuzzybumblebee,EEvans Same photo used for mulitple specimens. ID onsight by EBernstein,OLD_MNBBA,,Website,FALSE,Verbena stricta,,native,samplingProtocol,"https://www.bumblebeewatch.org/media/bees/big/3570fe3d-801e-484b-b892-124053077d1a.jpg, https://www.bumblebeewatch.org/media/bees/big/d1baa440-da56-4e32-a4d5-2fbc52b75f0d.jpg, https://www.bumblebeewatch.org/media/bees/big/5c98f996-39c1-4515-8060-c0c27c9c3e00.jpg, https://www.bumblebeewatch.org/media/bees/big/933f144f-db32-4d9e-8707-3572cb4811ca.jpg",1,,https://www.bumblebeewatch.org/sightings/bee/159415/,present,https://www.bumblebeewatch.org/metadata/
159413,116328,Animalia,Apidae,Bombus,auricomus,Black and gold bumble bee,"Wakan Tipi, wetland area",WGS 84,44.9532,-93.075,Minnesota,United States,8/11/23,8,11,2023,8/21/23,37.5,Worker,1,,Elise Bernstein,elisebee,Verified,9/22/23,fuzzybumblebee,EEvans Same photo used for mulitple specimens. ID onsight by EBernstein,OLD_MNBBA,,Website,FALSE,Verbena stricta,,native,samplingProtocol,"https://www.bumblebeewatch.org/media/bees/big/deaa960a-7810-4307-82b7-ff1fd321e59b.jpg, https://www.bumblebeewatch.org/media/bees/big/13c102ac-f6e9-4b9f-b962-29bc3f215372.jpg, https://www.bumblebeewatch.org/media/bees/big/38aed726-49bc-4c10-b1f9-596a3e4f2df7.jpg, https://www.bumblebeewatch.org/media/bees/big/a64a64d4-f381-4401-b981-486bdb7ed205.jpg",1,,https://www.bumblebeewatch.org/sightings/bee/159413/,present,https://www.bumblebeewatch.org/metadata/
267407,145757,Animalia,Apidae,Bombus,impatiens,Common eastern bumble bee,Wakan Tipi,WGS 84,44.9532,-93.075,Minnesota,United States,8/18/25,8,18,2025,11/6/25,37.5,Female,3,,Elise Bernstein,elisebee,Verified,11/7/25,gpugesek,,Bumble Bee Atlas,,Website,FALSE,Verbena stricta,,native,samplingProtocol,"https://www.bumblebeewatch.org/media/2025/11/06/205833efb1ee4a4ba388bee98319cd41.jpg, https://www.bumblebeewatch.org/media/2025/11/06/3f711f7b996043899ce1f209b4d962f0.jpg, https://www.bumblebeewatch.org/media/2025/11/06/eca9663329ab45f98557b8b1b6e7350c.jpg",,,https://www.bumblebeewatch.org/sightings/bee/267407/,present,https://www.bumblebeewatch.org/metadata/
267412,145757,Animalia,Apidae,Bombus,impatiens,Common eastern bumble bee,Wakan Tipi,WGS 84,44.9532,-93.075,Minnesota,United States,8/18/25,8,18,2025,11/6/25,37.5,Male,2,,Elise Bernstein,elisebee,Verified,11/7/25,gpugesek,,Bumble Bee Atlas,,Website,FALSE,Verbena stricta,,native,samplingProtocol,"https://www.bumblebeewatch.org/media/2025/11/06/1dfa64ad50634289b25e3489c5a18bde.jpg, https://www.bumblebeewatch.org/media/2025/11/06/b54707a1eda1418f9485d4ebad773d67.jpg",,,https://www.bumblebeewatch.org/sightings/bee/267412/,present,https://www.bumblebeewatch.org/metadata/
267395,145752,Animalia,Apidae,Bombus,impatiens,Common eastern bumble bee,Wakan Tipi,WGS 84,44.9532,-93.075,Minnesota,United States,8/2/25,8,2,2025,11/5/25,37.5,Female,6,,Elise Bernstein,elisebee,Verified,11/7/25,gpugesek,,Bumble Bee Atlas,,Website,FALSE,Verbena stricta,,native,samplingProtocol,"https://www.bumblebeewatch.org/media/2025/11/06/79c6874e184045b1b5f9f6fa896a6597.jpg, https://www.bumblebeewatch.org/media/2025/11/06/616bad78015a429e84f9c22aadb66882.jpg, https://www.bumblebeewatch.org/media/2025/11/06/6480ee64b7754de78c0c9ba2acb27d8d.jpg",,,https://www.bumblebeewatch.org/sightings/bee/267395/,present,https://www.bumblebeewatch.org/metadata/
267338,140196,Animalia,Apidae,Bombus,rufocinctus,Red-belted bumble bee,Wakan Tipi,WGS 84,44.9532,-93.075,Minnesota,United States,7/28/25,7,28,2025,8/4/25,12.5,Worker,3,,Elise Bernstein,elisebee,Verified,11/7/25,gpugesek,,Bumble Bee Atlas,,Website,FALSE,Verbena stricta,,native,samplingProtocol,"https://www.bumblebeewatch.org/media/2025/11/04/136a10c0196148c7a705cb6183293067.jpg, https://www.bumblebeewatch.org/media/2025/11/04/6bcc8fc8c5e641d4a65e8866e8d0125a.jpg, https://www.bumblebeewatch.org/media/2025/11/04/208c85a8a93746b6814542a990710896.jpg, https://www.bumblebeewatch.org/media/2025/11/04/7199cef98ae641f3be89447c4e444ae5.jpg, https://www.bumblebeewatch.org/media/2025/11/04/8be26d3ff6914626834e809b88237501.jpg, https://www.bumblebeewatch.org/media/2025/11/04/467692d77ee34487ae36a5a2b882f026.jpg",,,https://www.bumblebeewatch.org/sightings/bee/267338/,present,https://www.bumblebeewatch.org/metadata/
267359,140188,Animalia,Apidae,Bombus,auricomus,Black and gold bumble bee,Wakan Tipi,WGS 84,44.9532,-93.075,Minnesota,United States,7/15/25,7,15,2025,8/4/25,12.5,Worker,1,,Elise Bernstein,elisebee,Verified,11/7/25,gpugesek,,Bumble Bee Atlas,,Website,FALSE,Verbena stricta,,native,samplingProtocol,"https://www.bumblebeewatch.org/media/2025/11/05/da7e1c2c2c23420d8dff5d046fe690d9.jpg, https://www.bumblebeewatch.org/media/2025/11/05/16ed2432fa5b4974ac717c116a08a70a.jpg, https://www.bumblebeewatch.org/media/2025/11/05/7566e5c7a8964399aaa8147e45b97c45.jpg, https://www.bumblebeewatch.org/media/2025/11/05/2e97f87f4e504065a9a1dfe9684cafaf.jpg, https://www.bumblebeewatch.org/media/2025/11/05/f5a8c65910cc4e379f9e268e7b5eb3cc.jpg, https://www.bumblebeewatch.org/media/2025/11/05/b9666ccf88bf4a958ca39993f1504e48.jpg",,,https://www.bumblebeewatch.org/sightings/bee/267359/,present,https://www.bumblebeewatch.org/metadata/
267357,140188,Animalia,Apidae,Bombus,griseocollis,Brown-belted bumble bee,Wakan Tipi,WGS 84,44.9532,-93.075,Minnesota,United States,7/15/25,7,15,2025,8/4/25,12.5,Worker,2,,Elise Bernstein,elisebee,Verified,11/6/25,gpugesek,,Bumble Bee Atlas,,Website,FALSE,Verbena stricta,,native,samplingProtocol,"https://www.bumblebeewatch.org/media/2025/11/05/0e947405da1d4a948aee63a344c74868.jpg, https://www.bumblebeewatch.org/media/2025/11/05/7402f7b20a8743299920c4bb20210cee.jpg, https://www.bumblebeewatch.org/media/2025/11/05/14ac19a7338d42abb806b429e9e6a7c8.jpg, https://www.bumblebeewatch.org/media/2025/11/05/1026e097992c42d3aee9fa46717ecb97.jpg, https://www.bumblebeewatch.org/media/2025/11/05/15b4f613040b43d18a69ae00a311d556.jpg, https://www.bumblebeewatch.org/media/2025/11/05/28e7b2d832824c24b359ebd03cc27165.jpg",,,https://www.bumblebeewatch.org/sightings/bee/267357/,present,https://www.bumblebeewatch.org/metadata/
267356,140188,Animalia,Apidae,Bombus,impatiens,Common eastern bumble bee,Wakan Tipi,WGS 84,44.9532,-93.075,Minnesota,United States,7/15/25,7,15,2025,8/4/25,12.5,Worker,3,,Elise Bernstein,elisebee,Verified,11/7/25,gpugesek,,Bumble Bee Atlas,,Website,FALSE,Verbena stricta,,native,samplingProtocol,"https://www.bumblebeewatch.org/media/2025/11/05/664f26cc7e134b82a0dab1441260ab68.jpg, https://www.bumblebeewatch.org/media/2025/11/05/e5fb0a3b32294e9bbf98cfb1a4491656.jpg, https://www.bumblebeewatch.org/media/2025/11/05/13eb43343c694252bae05e5dc12baba6.jpg, https://www.bumblebeewatch.org/media/2025/11/05/1e6128c833084f0e95209dee743a6670.jpg, https://www.bumblebeewatch.org/media/2025/11/05/9fa54a0f59fe4346913bcf88d2957ae2.jpg, https://www.bumblebeewatch.org/media/2025/11/05/87f8eae53fe3411fa42d300dc105b435.jpg",,,https://www.bumblebeewatch.org/sightings/bee/267356/,present,https://www.bumblebeewatch.org/metadata/
207453,129493,Animalia,Apidae,Bombus,impatiens,Common eastern bumble bee,Wakan Tipi,WGS 84,44.9532,-93.075,Minnesota,United States,8/21/24,8,21,2024,8/28/24,37.5,Male,1,,Elise Bernstein,elisebee,Verified,10/22/24,gpugesek,GP,Bumble Bee Atlas,,Website,FALSE,Verbena stricta,,native,samplingProtocol,"https://www.bumblebeewatch.org/media/bees/big/IMG_1577_wd4da4O.jpg, https://www.bumblebeewatch.org/media/bees/big/IMG_1576.jpg, https://www.bumblebeewatch.org/media/bees/big/IMG_1578.jpg",,7,https://www.bumblebeewatch.org/sightings/bee/207453/,present,https://www.bumblebeewatch.org/metadata/
207592,129493,Animalia,Apidae,Bombus,impatiens,Common eastern bumble bee,Wakan Tipi,WGS 84,44.9532,-93.075,Minnesota,United States,8/21/24,8,21,2024,8/28/24,37.5,Female,1,,Elise Bernstein,elisebee,Verified,10/22/24,gpugesek,GP,Bumble Bee Atlas,,Website,FALSE,Verbena stricta,,native,samplingProtocol,"https://www.bumblebeewatch.org/media/bees/big/IMG_1561_T2xytuL.jpg, https://www.bumblebeewatch.org/media/bees/big/IMG_1563_jdhUHnb.jpg, https://www.bumblebeewatch.org/media/bees/big/IMG_1565_4lcmg5c.jpg, https://www.bumblebeewatch.org/media/bees/big/IMG_1562_W2qyXAr.jpg, https://www.bumblebeewatch.org/media/bees/big/IMG_1564_2iwrILp.jpg",,4,https://www.bumblebeewatch.org/sightings/bee/207592/,present,https://www.bumblebeewatch.org/metadata/
207438,129493,Animalia,Apidae,Bombus,auricomus,Black and gold bumble bee,Wakan Tipi,WGS 84,44.9532,-93.075,Minnesota,United States,8/21/24,8,21,2024,8/28/24,37.5,Female,1,,Elise Bernstein,elisebee,Verified,11/18/24,gpugesek,GP,Bumble Bee Atlas,,Website,FALSE,Verbena stricta,,native,samplingProtocol,"https://www.bumblebeewatch.org/media/bees/big/IMG_1554.jpg, https://www.bumblebeewatch.org/media/bees/big/IMG_1555.jpg, https://www.bumblebeewatch.org/media/bees/big/IMG_1558.jpg, https://www.bumblebeewatch.org/media/bees/big/IMG_1556.jpg, https://www.bumblebeewatch.org/media/bees/big/IMG_1557.jpg",1,3,https://www.bumblebeewatch.org/sightings/bee/207438/,present,https://www.bumblebeewatch.org/metadata/
140714,111406,Animalia,Apidae,Bombus,pensylvanicus (incl. sonorus),American bumble bee,Wakan Tipi,WGS 84,44.919308,-93.069633,Minnesota,United States,6/22/23,6,22,2023,6/22/23,12.5,Worker,1,,Elaine Evans,fuzzybumblebee,Verified,6/26/23,fuzzybumblebee,EEvans,OLD_MNBBA,,Website,FALSE,Verbena stricta,,native,samplingProtocol,"https://www.bumblebeewatch.org/media/bees/big/1495023d-4978-4180-82f5-dd31cc397060.jpg, https://www.bumblebeewatch.org/media/bees/big/73d11c1e-6a8c-4ce3-8354-fcc798e97fb8.jpg, https://www.bumblebeewatch.org/media/bees/big/bd6d87eb-0a6f-45e6-989b-f8be41022585.jpg, https://www.bumblebeewatch.org/media/bees/big/736dd1f2-fe32-4f3e-b6f6-11a9facca763.jpg, https://www.bumblebeewatch.org/media/bees/big/71d78561-9c9a-4398-a01c-705387963854.jpg",1,,https://www.bumblebeewatch.org/sightings/bee/140714/,present,https://www.bumblebeewatch.org/metadata/
267339,140196,Animalia,Apidae,Bombus,impatiens,Common eastern bumble bee,Wakan Tipi,WGS 84,44.9532,-93.075,Minnesota,United States,7/28/25,7,28,2025,8/4/25,12.5,Worker,2,,Elise Bernstein,elisebee,Verified,11/7/25,gpugesek,,Bumble Bee Atlas,,Website,FALSE,Veronicastrum virginicum,,native,samplingProtocol,"https://www.bumblebeewatch.org/media/2025/11/04/390eb504af9341c7b615f74bb58fe728.jpg, https://www.bumblebeewatch.org/media/2025/11/04/b32117417b4343e28f4a111efa18be60.jpg, https://www.bumblebeewatch.org/media/2025/11/04/8200185096134008b8d225c1f56b9351.jpg",,,https://www.bumblebeewatch.org/sightings/bee/267339/,present,https://www.bumblebeewatch.org/metadata/
121358,104174,Animalia,Apidae,Bombus,auricomus,Black and gold bumble bee,Wakan Tipi,WGS 84,44.919308,-93.069633,Minnesota,United States,8/8/22,8,8,2022,8/8/22,75,Male,1,,Elaine Evans,fuzzybumblebee,Verified,8/12/22,fuzzybumblebee,EEvans. Based mostly on Black in middle of anterior edge of t2 and ocelli arrangement,OLD_MNBBA,,Website,FALSE,,Perching,,samplingProtocol,"https://www.bumblebeewatch.org/media/bees/big/92e1a224-34e3-46f0-ab75-e1163b30af6a.jpg, https://www.bumblebeewatch.org/media/bees/big/63d126ea-3e33-40aa-b26a-22893eb30971.jpg, https://www.bumblebeewatch.org/media/bees/big/2bcb6f98-a961-4b98-8c3f-ad012a42def3.jpg, https://www.bumblebeewatch.org/media/bees/big/976bed76-5bd7-4057-803d-e03b1478ffd0.jpg, https://www.bumblebeewatch.org/media/bees/big/5b56ee03-3962-407e-ad33-26a1ae70015f.jpg",1,,https://www.bumblebeewatch.org/sightings/bee/121358/,present,https://www.bumblebeewatch.org/metadata/